サルゴン1世,-2400,-2301,前24世紀頃
ウル第3王朝,-2113,-2006,前2113年頃@前2006年頃
バビロン第1王朝,-1894,-1595,前1894年頃@前1595年頃
古バビロニア王国,-1894,-1595,前1894年頃@前1595年頃
ハンムラビ,-1800,-1701,前18世紀頃
エラム人,-700,-3,前3年@前7世紀前半
古王国,-2200,-27,前27年@前22世紀
中王国,-1800,-21,前21年@前18世紀
新王国,-1567,-1085,前1567年@前1085年
シャンポリオン,1790,1832,1790年@1832年
イスラエル王国,-922,-722,前922年頃@前722年
ユダ王国,-922,-586,前922年頃@前586年
バビロン捕囚,-586,-538,前586年@前538年
アッシリア,-612,-2,前2年@前612年
新バビロニア,-625,-538,前625年@前538年
カルデア,-625,-538,前625年@前538年
メディア,-731,-550,前8世紀末@前550年
アケメネス朝,-550,-330,前550年@前330年
ペルシア戦争,-500,-449,前500年@前449年
グローテフェント,1775,1853,1775年@1853年
ローリンソン,1810,1895,1810年@95年
セレウコス朝,-312,-63,前312年@前63年
バクトリア,-255,-139,前255年頃@前139年
パルティア,-248,224,前248年頃@224年
アルサケス朝,-248,224,前248年頃@224年
ササン朝,224,651,224年@651年
ニハーヴァンドの戦い,642,642,642年
マニ,216,276,216年頃@276年頃
シュリーマン,1822,1890,1822年@90年
エヴァンズ,1851,1941,1851年@1941年
ヴェントリス,1922,1956,1922年@56年
ソロン,-640,-560,前640年頃@前560年頃
ソロンの改革,-594,-594,前594年
ペイシストラトス,-600,-528,前600年頃@前528年
ペルシア戦争,-500,-449,前500年@前449年
マラトンの戦い,-490,-490,前490年
テルモピレーの戦い,-480,-480,前480年
テミストクレス,-528,-462,前528年頃@前462年頃
サラミスの海戦,-480,-480,前480年
プラタイアの戦い,-479,-479,前479年
ブラテーエの戦い,-479,-479,前479年
ペリクレス,-495,-429,前495年頃@前429年
市民権法,-451,-451,前451年
ペロポネソス戦争,-431,-404,前431年@前404年
サッフォー,-612,-612,前612年頃
アナクレオン,-570,-570,前570年頃
ピンダロス,-518,-438,前518年@前438年
アイスキュロス,-525,-456,前525年@前456年
ソフォクレス,-496,-406,前496年頃@前406年
エウリピデス,-485,-406,前485年頃@前406年頃
アリストファネス,-450,-385,前450年頃@前385年頃
タレス,-624,-546,前624年頃@前546年頃
ピタゴラス,-582,-497,前582年頃@前497年頃
ヘラクレイトス,-544,-544,前544年頃
デモクリトス,-460,-370,前460年頃@前370年頃
プロタゴラス,-485,-415,前485年頃@前415年頃
ソクラテス,-469,-399,前469年頃@前399年
プラトン,-427,-347,前427年@前347年
アリストテレス,-384,-322,前384年@前322年
ヒッポクラテス,-460,-375,前460年頃@前375年頃
ヘロドトス,-485,-425,前485年頃@前425年頃
トゥキディデス,-460,-400,前460年頃@前400年頃
フェイディアス,-490,-430,前490年頃@前430年頃
カイロネイアの戦い,-338,-338,前338年
アレクサンドロス大王,-356,-323,前356年@前323年
アレクサンダー大王,-356,-323,前356年@前323年
東方遠征,-334,-324,前334年@前324年
ペルシア遠征,-334,-324,前334年@前324年
イッソスの戦い,-333,-333,前333年
アルベラの戦い,-331,-331,前331年
ガウガメラの戦い,-331,-331,前331年
ダレイオス3世,-380,-330,前380年頃@前330年
イプソスの戦い,-301,-301,前301年
プトレマイオス朝,-304,-30,前304年@前30年
シリア王国,-312,-63,前312年@前63年
パルティア,-248,224,前248年頃@224年
バクトリア,-255,-139,前255年頃@前139年
マカベア戦争,-166,-142,前166年@前142年
マケドニア王国,-306,-168,前306年@前270年代前半頃@前168年
ヘレニズム時代,-334,-30,前334年@前30年
エウクレイデス,-300,-300,前300年頃
ユークリッド,-300,-300,前300年頃
アリスタルコス,-310,-230,前310年頃@前230年頃
アルキメデス,-287,-212,前287年頃@前212年
エラトステネス,-275,-194,前275年頃@前194年
ゼノン,-335,-263,前335年@前263年
エピクロス,-342,-271,前342年頃@前271年頃
ポエニ戦争,-264,-146,前264年@前146年
ハンニバル,-246,-183,前246年頃@前183年
ザマの戦い,-202,-202,前202年
スキピオ,-235,-183,前235年@前183年
シチリアの奴隸反乱,-135,-132,前135年@前132年
グラックス兄弟の改革,-163,-121,前163年@前133年@前153年@前121年
マリウス,-157,-86,前157年頃@前86年
同盟市戦争,-91,-88,前91年@前88年
スラ,-138,-78,前138年@前78年
スパルタクスの反乱,-73,-71,前73年@前71年
ポンペイウス,-106,-48,前106年頃@前48年
クラッスス,-114,-53,前114年頃@前53年
カエサル,-100,-44,前100年頃@前44年
シーザー,-100,-44,前100年頃@前44年
第1回三頭政治,-60,-60,前60年
ガリア遠征,-58,-51,前58年@前51年
ブルートゥス,-85,-42,前85年@前42年
第2回三頭政治,-43,-43,前43年
アントニウス,-82,-30,前82年@前30年
オクタウィアヌス,-63,214,前63年@14年
オクタヴィアヌス,-63,214,前63年@14年
レピドゥス,-13,-13,前13年頃
クレオパトラ,-69,-30,前69年@前30年
アクティウムの海戦,-31,-31,前31年
カラカラ,211,217,211年@217年
マクシミヌス,235,238,235年@238年
コンスタンティヌス,306,337,306年@337年
キリスト教の公認,313,313,313年
テオドシウス,379,395,379年@395年
東ローマ帝国,395,1453,395年@1453年
西ローマ帝国,395,476,395年@476年
オドアケル,434,493,434年頃@493年
ウェルギリウス,-70,-19,前70年@前19年
ヴェルギリウス,-70,-19,前70年@前19年
ホラティウス,-65,-8,前65年@前8年
オウィディウス,-43,417,前43年@17年頃
オヴィディウス,-43,417,前43年@17年頃
キケロ,-106,-43,前106年@前43年
セネカ,-4,465,前4年頃@65年
エピクテトス,135,455,55年頃@135年頃
プロティノス,205,269,205年頃@269年
ポリビオス,-201,-120,前201年頃@前120年頃
リウィウス,-59,217,前59年@17年
リヴィウス,-59,217,前59年@17年
タキトゥス,120,255,55年頃@120年頃
プルタルコス,120,146,46年頃@120年頃
ストラボン,-64,121,前64年@21年頃
プリニウス,123,179,23年@79年
ガレノス,131,201,131年@201年
ユスティニアヌス,483,565,483年@565年
トリポニアヌス,546,546,546年
ハスモン朝,-166,-63,前166年@前63年
イエス,-7,530,前7年頃@前4年頃@30年頃
ペテロ,564,564,64年
パウロ,560,560,60年
ネロの迫害,564,564,64年
ディオクレティアヌス帝の大迫害,303,303,303年
ミラノ勃令,313,313,313年
ニケーア公会議,325,325,325年
アタナシウス,295,373,295年頃@373年
アリウス,250,336,250年頃@336年
エウセビオス,260,339,260年頃@339年
テオドシウス,379,395,379年@395年
アウグスティヌス,354,430,354年@430年
エフェソス公会議,431,431,431年
カルケドン公会議,451,451,451年
インダス文明,-2300,-1800,前2300年頃@前1800年頃
ヴェーダ時代,-1200,-600,前1200年頃@前600年頃
ナンダ朝,-351,-301,前4世紀後半
マウリヤ朝,-317,-180,前317年頃@前180年頃
サータヴァーハナ朝,-1,300,前1年@3世紀
アーンドラ朝,-1,300,前1年@3世紀
バクトリア,-255,-139,前255年頃@前139年
クシャーナ朝,201,401,1年@3世紀
ナーガールジュナ,201,402,2年@3世紀
竜樹,201,402,2年@3世紀
グプタ朝,320,550,320年頃@550年頃
法顕,337,422,337年頃@422年頃
カーリダーサ,401,500,5世紀
ヴァーカータカ朝,250,600,3世紀後半@6世紀
玄奘,602,664,602年@664年
義浄,635,713,635年@713年
パーラ朝,750,1155,750年頃@1155年頃
ラージプート時代,1108,1300,8年@13世紀
プラティーハーラ王国,800,1019,800年頃@1019年
チャーハマーナ王国,970,1192,10世紀末@1192年
パーンディヤ朝,-300,1400,前3世紀頃@14世紀
パッラヴァ朝,250,900,3世紀後半@9世紀末
チャールキヤ朝,501,800,6世紀@8世紀
チョーラ朝,-300,1300,前3世紀@13世紀
シンハラ王国,-500,1815,前5世紀頃@1815年
シンハリ王国,-500,1815,前5世紀頃@1815年
ドヴァーラヴァティー,701,1806,6年@8世紀頃
ペグー,801,900,9世紀頃
ピュー,701,800,8世紀頃
驃,701,800,8世紀頃
パガン朝,1044,1299,1044年@1299年
大越国,1009,1225,1009年@1225年
ダイベト国,1009,1225,1009年@1225年
チャンパー,170,1700,2世紀末@17世紀
真臘,1206,1500,6年@15世紀
アンコール朝,802,1432,802年頃@1432年
シュリーヴィジャヤ,1301,1407,7年@14世紀
クディリ朝,928,1222,928年@1222年
殷,-1600,-1001,前16世紀頃@前11世紀
周,-1100,-256,前11世紀@前256年
西周,-1100,-770,前11世紀@前770年
武王,-1100,-1001,前11世紀
春秋・戦国時代,-770,-221,前770年@前221年
東周,-770,-249,前770年@前256年@前249年
春秋時代,-770,-403,前770年@前403年
戦国時代,-403,-221,前403年@前221年
斉,-386,-221,前386年@前221年
楚,-223,-223,前223年
燕,-222,-222,前222年
韓,-403,-230,前403年@前230年
魏,-403,-225,前403年@前225年
趙,-403,-222,前403年@前222年
秦,-800,-206,前8世紀@前206年
孔子,-551,-479,前551年頃@前479年
孟子,-372,-289,前372年頃@前289年頃
荀子,-298,-235,前298年頃@前235年頃
墨子,-480,-390,前480年頃@前390年頃
荘子,-400,-301,前4世紀頃
商鞅,-338,-338,前338年
韓非,-233,-233,前233年
李斯,-208,-208,前208年
鄒衍,-305,-240,前305年@前240年
呉子,-440,-381,前440年頃@前381年頃
呉起,-440,-381,前440年頃@前381年頃
公孫竜,-400,-201,前4世紀@前3世紀頃
蘇秦,-317,-317,前317年
張儀,-310,-310,前310年
屈原,-340,-278,前340年@前278年
秦,-800,-206,前8世紀@前206年
始皇帝,-259,-210,前259年@前210年
秦王政,-259,-210,前259年@前210年
李斯,-208,-208,前208年
陳勝・呉広の乱,-209,-208,前209年@前208年
項羽,-232,-202,前232年@前202年
劉邦,-247,-195,前247年@前195年
漢,-202,220,前202年@220年
前漢,-202,208,前202年@8年
吳楚七国の乱,-154,-154,前154年
武帝,-159,-87,前159年@前87年
衛青,-106,-106,前106年
霍去病,-140,-117,前140年頃@前117年
張騫,-114,-114,前114年
李広利,-90,-90,前90年
南越,-203,-111,前203年@前111年
衛氏朝鮮,-190,-108,前190年頃@前108年
楽浪郡,-108,313,前108年@313年
真番郡,-108,-82,前108年@前82年
臨屯郡,-108,-82,前108年@前82年
玄菟郡,-108,400,前108年@4世紀
王莽,-45,323,前45年@23年
新,308,323,8年@23年
赤眉の乱,318,327,18年@27年
後漢,220,325,25年@220年
劉秀,-6,257,前6年@57年
光武帝,-6,257,前6年@57年
徴姉妹の反乱,240,243,40年@43年
明帝,228,275,28年@75年
班超,102,232,32年@102年
党錮の禁,166,169,166年@169年
黄巾の乱,184,184,184年
張角,184,184,184年
董仲舒,-176,-104,前176年頃@前104年頃
劉向,-77,-6,前77年@前6年
鄭玄,127,200,127年@200年
司馬遷,-145,-86,前145年頃@前86年頃
班固,232,292,32年@92年
張衡,139,278,78年@139年
蔡倫,121,121,121年頃
テオティワカン文明,-2,600,前2年@6世紀
トルテカ文明,106,1000,6年@10世紀
ナスカ文明,101,800,1年@8世紀
ティアワナコ文明,101,1200,1年@12世紀
チムー帝国,112,1500,12年@15世紀
インカ帝国,1200,1533,1200年頃@1533年
インカ文明,1200,1533,1200年頃@1533年
魏晋南北朝,220,589,220年@589年
三国時代,220,280,220年@280年
曹操,155,220,155年@220年
赤壁の戦い,208,208,208年
曹丕,187,226,187年@226年
文帝,187,226,187年@226年
魏,220,265,220年@265年
劉備,161,223,161年@223年
蜀,221,263,221年@263年
諸葛亮,181,234,181年@234年
孔明,181,234,181年@234年
孫権,182,252,182年@252年
吳,222,280,222年@280年
司馬炎,236,290,236年@290年
武帝,236,290,236年@290年
晋,265,316,265年@316年
西晋,265,316,265年@316年
八王の乱,290,306,290年@306年
劉淵,310,310,310年
永嘉の乱,311,316,311年@316年
司馬睿,276,322,276年@322年
東晋,317,420,317年@420年
五胡十六国,304,439,304年@439年
前秦,351,394,351年@394年
南北朝時代,401,589,439年@5世紀前半@589年
南朝,420,589,420年@589年
宋,420,479,420年@479年
劉裕,356,422,356年@422年
斉,479,502,479年@502年
梁,502,557,502年@557年
陳,557,589,557年@589年
北朝,439,581,439年@581年
北魏,386,534,386年@534年
太武帝,408,452,408年@452年
孝文帝,467,499,467年@499年
東魏,534,550,534年@550年
西魏,535,556,535年@556年
北斉,550,577,550年@577年
北周,556,581,556年@581年
阮籍,210,263,210年@263年
嵆康,223,262,223年@262年
陶潜,365,427,365年頃@427年
陶淵明,365,427,365年頃@427年
謝霊運,385,433,385年@433年
昭明太子,501,531,501年@531年
顧愷之,344,405,344年頃@405年頃
王羲之,307,365,307年頃@365年頃
酈道元,527,527,527年
仏図澄,348,348,348年
ブドチンガ,348,348,348年
鳩摩羅什,344,413,344年@413年
クマーラジーヴァ,344,413,344年@413年
道安,314,385,314年@385年
慧遠,334,417,334年@416年@417年
法顕,337,422,337年頃@422年頃
寇謙之,363,448,363年@448年
夫余,-100,494,前1世紀@494年
扶余,-100,494,前1世紀@494年
高句麗,-100,668,前1世紀頃@668年
広開土王,374,412,374年@412年
好太王,374,412,374年@412年
帯方郡,204,313,204年頃@313年
三国時代,304,700,4年@7世紀
朝鮮三国時代,304,700,4年@7世紀
新羅,301,935,4世紀@935年
百済,301,660,4世紀@660年
任那,350,562,4世紀後半@562年
ヤマト政権,301,700,4世紀頃@7世紀
大和政権,301,700,4世紀頃@7世紀
隋,581,618,581年@618年
楊堅,541,604,541年@604年
文帝,541,604,541年@604年
柔然,501,605,5年@6世紀
突厥,552,744,552年@744年
煬帝,569,618,569年@618年
唐,618,907,618年@907年
李淵,565,635,565年@635年
高祖,565,635,565年@635年
太宗,598,649,598年@649年
李世民,598,649,598年@649年
東突厥,583,744,583年@744年
貞観の治,627,649,627年@649年
高宗,628,683,628年@683年
西突厥,583,700,583年@7世紀末頃
則天武后,624,705,624年@628年@705年
周,690,705,690年@705年
中宗,656,710,656年@710年
韋后,710,710,710年
玄宗,685,762,685年@762年
開元の治,713,741,713年@741年
タラス河畔の戦い,751,751,751年
高仙芝,755,755,755年
楊貴妃,719,756,719年@756年
安史の乱,755,763,755年@763年
安禄山,705,757,705年@757年
史思明,761,761,761年
ウイグル,744,840,744年@840年
回紇,744,840,744年@840年
楊炎,727,781,727年@781年
王仙芝,878,878,878年
黄巣,884,884,884年
黄祟の乱,875,884,875年@884年
朱全忠,852,912,852年@912年
王維,701,761,701年頃@761年
李白,701,762,701年@762年
杜甫,712,770,712年@770年
白居易,772,846,772年@846年
白楽天,772,846,772年@846年
韓愈,768,824,768年@824年
韓退之,768,824,768年@824年
柳宗元,773,819,773年@819年
閻立本,673,673,673年
呉道玄,701,800,8世紀頃
李思訓,651,718,651年頃@718年
欧陽詢,557,641,557年@641年
虞世南,558,638,558年@638年
褚遂良,596,658,596年@658年
顔真卿,709,786,709年@786年頃
孔穎達,574,648,574年@648年
顔師古,581,645,581年@645年
玄奘,602,664,602年@664年
三蔵法師,602,664,602年@664年
義浄,635,713,635年@713年
阿倍仲麻呂,698,770,698年頃@770年頃
吐谷渾,601,704,4年@7世紀
吐蕃,707,900,7年@9世紀
ソンツェン＝ガンポ,649,649,649年
南詔,902,902,902年
大理,937,1254,937年@1254年
チャンパー,170,1700,2世紀末@17世紀
林邑,170,1700,2世紀末@17世紀
シュリーヴィジャヤ,1207,1400,7年@14世紀
室利仏逝,1207,1400,7年@14世紀
高句麗,-100,668,前1世紀頃@668年
大祚栄,719,719,719年
渤海国,698,926,698年@926年
新羅,301,935,4世紀@935年
百済,301,660,4世紀@660年
聖徳太子,574,622,574年@622年
白村江の戦い,663,663,663年
奈良時代,710,784,710年@784年
五代,907,960,907年@960年
五代十国,907,979,907年@979年
朱全忠,852,912,852年@912年
後梁,907,923,907年@923年
後唐,923,936,923年@936年
後晋,936,946,936年@946年
後漢,947,950,947年@950年
後周,951,960,951年@960年
宋,960,1279,960年@1279年
北宋,960,1127,960年@1127年
趙匡胤,927,976,927年@976年
太祖,927,976,927年@976年
太宗,939,997,939年@997年
慶暦の和約,1044,1044,1044年
神宗,1048,1085,1048年@85年
王安石,1021,1086,1021年@86年
司馬光,1019,1086,1019年@86年
徽宗,1082,1135,1082年@1135年
欽宗,1100,1161,1100年@61年
靖康の変,1126,1127,1126年@27年
南宋,1127,1279,1127年@1279年
高宗,1107,1187,1107年@87年
岳飛,1103,1141,1103年@41年
秦檜,1090,1155,1090年@1155年
周敦頤,1017,1073,1017年@73年
程顥,1032,1085,1032年@85年
程頤,1033,1107,1033年@1107年
朱熹,1130,1200,1130年@1200年
朱子,1130,1200,1130年@1200年
陸九淵,1139,1192,1139年@92年
陸象山,1139,1192,1139年@92年
司馬光,1019,1086,1019年@86年
欧陽脩,1007,1072,1007年@72年
蘇洵,1009,1066,1009年@66年
蘇軾,1036,1101,1036年@1101年
蘇東坡,1036,1101,1036年@1101年
蘇轍,1039,1112,1039年@1112年
曾鞏,1019,1083,1019年@83年
李公麟,1106,1106,1106年
米芾,1051,1107,1051年@1107年
遼,916,1125,916年@1125年
耶律阿保機,872,926,872年@926年
太祖,872,926,872年@926年
太宗,902,947,902年@947年
耶律堯骨,902,947,902年@947年
澶淵の盟,1004,1004,1004年
聖宗,971,1031,971年@1031年
耶律大石,1143,1143,1143年
西遼,1132,1211,1132年@1211年
カラ＝キタイ,1132,1211,1132年@1211年
李元昊,1003,1048,1003年@48年
西夏,1038,1227,1038年@1227年
完顔阿骨打,1068,1123,1068年@1123年
太祖,1068,1123,1068年@1123年
金,1115,1234,1115年@1234年
王重陽,1113,1170,1113年@70年
李朝,1009,1225,1009年@1225年
大越国,1009,1225,1009年@1225年
陳朝,1225,1400,1225年@1400年
高麗,918,1392,918年@1392年
王建,877,943,877年@943年
太祖,877,943,877年@943年
平安時代,794,1192,794年@1192年
平氏政権,1167,1183,1167年@83年
平清盛,1118,1181,1118年@81年
突厥,552,744,552年@744年
東突厥,583,744,583年@744年
西突厥,583,700,583年@7世紀末頃
吐蕃,507,900,7年@9世紀
バクトリア,-255,-139,前255年頃@前139年
大月氏,-140,100,前140年頃@1世紀
タラス河畔の戦い,751,751,751年
サーマーン朝,875,999,875年@999年
カラ＝ハン朝,901,1200,10世紀@12世紀
セルジューク朝,1038,1194,1038年@1194年
モンゴル帝国,1206,1271,1206年@71年
蒙古帝国,1206,1271,1206年@71年
ナイマン,1201,1300,10年@13世紀
テムジン,1162,1227,1162年頃@1227年
チンギス＝ハン,1162,1227,1162年頃@1227年
成吉思汗,1162,1227,1162年頃@1227年
太祖,1162,1227,1162年頃@1227年
ホラズム朝,1077,1231,1077年@1231年
トウルイ,1192,1232,1192年@1232年
オゴタイ＝ハン,1186,1241,1186年@1241年
太宗矜,1186,1241,1186年@1241年
バトゥ,1207,1255,1207年@55年
西征,1236,1242,1236年@42年
ヨーロッパ遠征,1236,1242,1236年@42年
ワールシュタットの戦い,1241,1241,1241年
リーグニッツの戦い,1241,1241,1241年
モンケ＝ハン,1208,1259,1208年@59年
憲宗,1208,1259,1208年@59年
フビライ＝ハン,1215,1294,1215年@94年
世祖,1215,1294,1215年@94年
史天沢,1202,1275,1202年@75年
元,1271,1368,1271年@1368年
大理,937,1254,937年@1254年
蒙古襲来,1274,1281,1274年@1281年
元寇,1274,1281,1274年@1281年
アリクブケ,1266,1266,1266年
ハイドゥ,1301,1301,1301年
ハイドゥの乱,1266,1301,1266年@1301年
オゴタイ＝ハン国,1225,1310,1225年頃@1310年
チャガタイ＝ハン国,1227,1400,1227年@14世紀後半
キプチャク＝ハン国,1243,1502,1243年@1502年
フラグ,1218,1265,1218年@65年
イル＝ハン国,1258,1353,1258年@1353年
ラシード＝アッディーン,1247,1318,1247年頃@1318年
ラシードゥッディーン,1247,1318,1247年頃@1318年
紅巾の乱,1351,1366,1351年@66年
白蓮教徒の乱,1351,1366,1351年@66年
プラノ＝カルピニ,1182,1252,1182年頃@1252年
ルブルック,1220,1293,1220年頃@93年頃
マルコ＝ポーロ,1254,1324,1254年@1324年
モンテ＝コルヴィノ,1247,1328,1247年@1328年
マリニョーリ,1290,1357,1290年頃@1357年
イブン＝バットゥータ,1304,1377,1304年@68年@69年@77年
パスパ,1235,1280,1235年@39年@80年
パクパ,1235,1280,1235年@39年@80年
郭守敬,1231,1316,1231年@1316年
趙孟頫,1254,1322,1254年@1322年
趙子昂,1254,1322,1254年@1322年
黄公望,1269,1354,1269年@1354年
倪瓚,1301,1374,1301年@74年
呉鎮,1280,1354,1280年@1354年
王蒙,1298,1385,1298年@1385年
陳朝,1225,1400,1225年@1400年
胡朝,1400,1407,1400年@07年
スコータイ朝,1257,1500,1257年@15世紀
アユタヤ朝,1351,1767,1351年@1767年
パガン朝,1044,1299,1044年@1299年
シンガサリ朝,1222,1292,1222年@92年
マジャパヒト王国,1293,1520,1293年@1520年頃
マジャパイト王国,1293,1520,1293年@1520年頃
高麗,918,1392,918年@1392年
崔氏,1196,1258,1196年@1258年
鎌倉時代,1192,1333,1192年@1333年
蒙古襲来,1202,1281,1274年@1274年@1281年@1281年@2年
元寇,1202,1281,1274年@1274年@1281年@1281年@2年
文永・弘安の役,1202,1281,1274年@1274年@1281年@1281年@2年
ムハンマド,570,632,570年頃@632年
マホメット,570,632,570年頃@632年
ヒジュラ,622,622,622年
聖遷,622,622,622年
正統カリフ,632,661,632年@661年
アブー＝バクル,573,634,573年頃@634年
ウマル,581,644,581年頃@644年
ニハーヴァンドの戦い,642,642,642年
ウスマーン,656,656,656年
アリー,661,661,661年
ムアーウィヤ,680,680,680年
ウマイヤ朝,661,750,661年@750年
トゥール・ポワティエ間の戦い,732,732,732年
アル＝アッバース,654,654,654年
アッバース朝,750,1258,750年@1258年
タラス河畔の戦い,751,751,751年
マンスール,713,775,713年頃@775年
ハールーン＝アッラシード,763,809,763年頃@809年
ザンジュの乱,869,883,869年@883年
後ウマイヤ朝,756,1031,756年@1031年
トゥールーン朝,868,905,868年@905年
サッファール朝,867,903,867年@903年
サーマーン朝,875,999,875年@999年
イドリース朝,789,926,789年@926年
ファーティマ朝,909,1171,909年@1171年
ブワイフ朝,932,1062,932年@1062年
セルジューク朝,1038,1194,1038年@1194年
トゥグリル＝ベク,993,1063,993年頃@1063年
ニザーム＝アルムルク,1017,1092,1017年頃@92年
マンジケルトの戦い,1071,1071,1071年
ルーム＝セルジューク朝,1077,1308,1077年@1308年
ホラズム朝,1077,1231,1077年@1231年
ホラズム＝シャー朝,1077,1231,1077年@1231年
ザンギー朝,1127,1222,1127年@1222年
カラ＝ハン朝,901,1200,10世紀@12世紀
フラグ,1218,1265,1218年@65年
イル＝ハン国,1258,1353,1258年@1353年
キプチャク＝ハン国,1243,1502,1243年@1502年
サラディン,1138,1193,1138年@93年@1169年@93年
サラーフ＝アッディーン,1138,1193,1138年@93年@1169年@93年
アイユーブ朝,1169,1250,1169年@1250年
マムルーク朝,1250,1517,1250年@1517年
ムラービト朝,1056,1147,1056年@1147年
ムワッヒド朝,1130,1269,1130年@1269年
ナスル朝,1232,1492,1232年@1492年
国土回復運動,718,1492,718年@1492年
レコンキスタ,718,1492,718年@1492年
ガズナ朝,962,1186,962年@1186年
ゴール朝,1148,1215,1148年頃@1215年
アイバク,1210,1210,1210年
デリー＝スルタン朝,1206,1526,1206年@1526年
奴隷王朝,1206,1290,1206年@90年
ハルジー朝,1290,1320,1290年@1320年
トゥグルク朝,1320,1414,1320年@1414年
サイイド朝,1414,1451,1414年@51年
ロディー朝,1451,1526,1451年@1526年
バフマン朝,1347,1527,1347年@1527年
マラッカ王国,1370,1511,14世紀末頃@1511年
ムラカ王国,1370,1511,14世紀末頃@1511年
アチェ王国,1470,1930,15世紀末@20世紀初め
マタラム王国,1570,1755,16世紀末@1755年
バンテン王国,1527,1813,1527年頃@1813年
クシュ王国,-920,350,前920年頃@350年頃
メロエ王国,-670,350,前670年頃@350年頃
アクスム王国,-200,900,前2世紀頃@9世紀@6世紀頃
エチオピア王国,-200,900,前2世紀頃@9世紀@6世紀頃
ガーナ王国,601,1300,7世紀頃@13世紀
マリ王国,1240,1473,1240年@1473年
ソンガイ王国,1464,1591,1464年@1591年
モノモタパ王国,1511,1900,11年@19世紀
タラス河畔の戦い,751,751,751年
ジャーヒズ,868,868,868年
タバリー,839,923,839年@923年
ガザーリー,1058,1111,1058年@1111年
イブン＝ハルドゥーン,1332,1406,1332年@1406年
イブン＝ハズム,994,1064,994年@1064年
イブン＝ルシュド,1126,1198,1126年@98年
アヴエロエス,1126,1198,1126年@98年
イブン＝バットゥータ,1304,1377,1304年@68年@69年@77年
フワーリズミー,780,850,780年@850年頃
イブン＝シーナー,980,1037,980年@1037年
アヴイケンナ,980,1037,980年@1037年
フィルドゥシー,940,1025,940年頃@1025年
ウマル＝ハイヤーム,1048,1131,1048年@1131年
オマル＝ハイヤーム,1048,1131,1048年@1131年
ラシード＝アッディーン,1247,1318,1247年頃@1318年
ラシードゥッディーン,1247,1318,1247年頃@1318年
アッティラ,406,453,406年頃@453年
カタラウヌムの戦い,451,451,451年
オドアケル,434,493,434年頃@493年
西ローマ帝国の滅亡,476,476,476年
テオドリック,454,526,454年@526年
テオドリック大王,454,526,454年@526年
東ゴート王国,493,555,493年@555年
ヴァンダル王国,429,534,429年@534年
アラリック,370,410,370年頃@410年
西ゴート王国,418,711,418年@711年
ブルクンド王国,443,534,443年@534年
ランゴバルド王国,568,774,568年@774年
七王国,449,829,449年@829年
ヘプターキー,449,829,449年@829年
エグバート,775,839,775年頃@839年
エグベルト,775,839,775年頃@839年
メロヴィング朝,481,751,481年@751年
クローヴィス,465,511,465年@511年
クローヴィスの改宗,496,496,496年
トゥール・ポワティエ間の戦い,732,732,732年
カール＝マルテル,689,741,689年@741年
ピピン,714,768,714年@768年
ピピン3世,714,768,714年@768年
カロリング朝,751,987,751年@987年
カール大帝,742,814,742年@814年
シャルルマーニュ,742,814,742年@814年
レオ3世,816,816,816年
カールの戴冠,800,800,800年
ヴェルダン条約,843,843,843年
メルセン条約,870,870,870年
東フランク王国,843,911,843年@911年
ハインリヒ1世,876,936,876年@936年
オットー1世,912,973,912年@973年
神聖ローマ帝国,962,1806,962年@1806年
レヒフェルトの戦い,955,955,955年
西フランク王国,843,987,843年@987年
ユーグ＝カペー,938,996,938年頃@996年
カペー朝,987,1328,987年@1328年
リューリク,879,879,879年
ルーリック,879,879,879年
ロロ,860,933,860年頃@933年
アルフレッド大王,848,899,848年頃@899年
クヌート,103,995,995年頃@103年
カヌート,103,995,995年頃@103年
ノルマンディー公ウィリアム,1027,1087,1027年頃@87年
ヘースティングズの戦い,1066,1066,1066年
ノルマン征服,1066,1066,1066年
ノルマン＝コンクェスト,1066,1066,1066年
ノルマン朝,1066,1154,1066年@1154年
ルッジェーロ2世,1095,1154,1095年@1154年
両シチリア王国,1130,1860,1130年@1860年
ベネディクトゥス,480,543,480年頃@543年頃
グレゴリウス1世,540,604,540年頃@604年
ドミニコ,1170,1221,1170年頃@1221年
ドミニクス,1170,1221,1170年頃@1221年
グレゴリウス7世,1020,1085,1020年頃@85年
ハインリヒ4世,1050,1106,1050年@1106年
カノッサの屈辱,1077,1077,1077年
ヴォルムス協約,1122,1122,1122年
インノケンティウス3世,1160,1216,1160年頃@1216年
ビザンツ帝国,395,1453,395年@1453年
ユスティニアヌス,483,565,483年@565年
ユスティニアヌス大帝,483,565,483年@565年
トリポニアヌス,546,546,546年
ヘラクレイオス1世,575,641,575年頃@641年
レオン3世,675,741,675年頃@741年
レオ3世,675,741,675年頃@741年
聖像禁止令,726,726,726年
マケドニア朝,867,1057,867年@1057年
第4回十字軍,1202,1204,1202年@04年
ラテン帝国,1204,1261,1204年@61年
オスマン帝国,1299,1922,1299年@1922年
ヤゲウォ朝,1386,1572,1386年@1572年
ヤゲロー朝,1386,1572,1386年@1572年
キュリロス,826,869,826年頃@869年
キプチャク＝ハン国,1243,1502,1243年@1502年
イヴァン3世,1440,1505,1440年@1505年
イヴァン4世,1530,1584,1530年@84年
セルジューク朝,1038,1194,1038年@1194年
十字軍,1096,1270,1096年@1270年
第1回十字軍,1096,1099,1096年@99年
イェルサレム王国,1099,1291,1099年@1291年
第2回十字軍,1147,1149,1147年@49年
サラディン,1138,1193,1138年@93年
サラーフ＝アッディーン,1138,1193,1138年@93年
アイユーブ朝,1169,1250,1169年@1250年
第3回十字軍,1189,1192,1189年@92年
第4回十字軍,1202,1204,1202年@04年
ラテン帝国,1204,1261,1204年@61年
少年十字軍,1212,1212,1212年
第5回十字軍,1228,1229,1228年@29年
ルイ9世,1214,1270,1214年@70年
第6回十字軍,1248,1254,1248年@54年
第7回十字軍,1270,1270,1270年
ラテラノ公会讓,1215,1215,1215年
第4回ラテラノ公会讓,1215,1215,1215年
フィリップ4世,1268,1314,1268年@1314年
アナーニ事件,1303,1303,1303年
クレメンス5世,1264,1314,1264年@1314年
教皇のバビロン捕囚,1309,1377,1309年@77年
教会大分裂,1378,1417,1378年@1417年
大シスマ,1378,1417,1378年@1417年
ウィクリフ,1320,1384,1320年頃@84年
コンスタンツ公会議,1414,1418,1414年@18年
コンスタンツ公宗教会議,1414,1418,1414年@18年
フス,1370,1415,1370年頃@1415年
フス戦争,1419,1436,1419年@36年
ジャックリーの乱,1358,1358,1358年
ワット＝タイラーの乱,1381,1381,1381年
ジョン＝ボール,1381,1381,1381年
ノルマン朝,1066,1154,1066年@1154年
ウィリアム1世,1027,1087,1027年頃@87年
プランタジネット朝,1154,1399,1154年@1399年
大憲章,1215,1215,1215年
マグナ＝カルタ,1215,1215,1215年
ヘンリ3世,1207,1272,1207年@72年
シモン＝ド＝モンフォール,1208,1265,1208年頃@65年
エドワード1世,1239,1307,1239年@1307年
模範議会,1295,1295,1295年
カペー朝,987,1328,987年@1328年
フィリップ2世,1165,1223,1165年@1223年
ルイ9世,1214,1270,1214年@70年
フィリップ4世,1268,1314,1268年@1314年
三部会,1302,1302,1302年
ヴァロワ朝,1328,1589,1328年@1589年
フィリップ6世,1293,1350,1293年@1350年
エドワード3世,1312,1377,1312年@77年
百年戦争,1339,1453,1339年@1453年
クレシーの戦い,1346,1346,1346年
ポワティエの戦い,1356,1356,1356年
エドワード黒太子,1330,1376,1330年@76年
シャルル7世,1403,1461,1403年@61年
ジャンヌ＝ダルク,1412,1431,1412年@31年
ジャック＝クール,1395,1456,1395年頃@1456年
シャルル8世,1470,1498,1470年@98年
バラ戦争,1455,1485,1455年@85年
ヘンリ7世,1457,1509,1457年@1509年
テューダー朝,1485,1603,1485年@1603年
シュタウフェン朝,1138,1254,1138年@1208年@1215年@54年
大空位時代,1254,1273,1256年@54年@73年
カール4世,1316,1378,1316年@78年
金印勅書,1356,1356,1356年
黄金文書,1356,1356,1356年
国土回復運動,718,1492,718年@1492年
レコンキスタ,718,1492,718年@1492年
フェルナンド5世,1452,1516,1452年@1516年
イサベル,1451,1504,1451年@1504年
イザベラ,1451,1504,1451年@1504年
ポルトガル王国,1143,1910,1143年@1910年
マルグレーテ,1353,1412,1353年@1412年
カルマル同盟,1397,1397,1397年
デンマーク連合王国,1397,1523,1397年@1523年
ヒエロニムス,342,420,342年頃@420年
アルクイン,735,804,735年頃@804年
アインハルト,770,840,770年@840年
アンセルムス,1033,1109,1033年@1109年
アベラール,1079,1142,1079年@1142年
トマス＝アクィナス,1225,1274,1225年頃@74年
ドゥンス＝スコトゥス,1266,1308,1266年頃@1308年
ウィリアム＝オブ＝オッカム,1290,1349,1290年頃@1349年頃
ロジャー＝ベーコン,1214,1294,1214年頃@94年
アケメネス朝,-550,-330,前550年@前330年
シュリーヴイジャヤ,1207,1400,7年@14世紀
サータヴァーハナ朝,-1,300,前1年@3世紀
アーンドラ朝,-1,300,前1年@3世紀
鄭和,1371,1434,1371年@1434年頃
室町幕府,1338,1573,1338年@1573年
マラッカ王国,1370,1511,14世紀末@1511年
ムラカ王国,1370,1511,14世紀末@1511年
マタラム王国,1570,1755,16世紀末@1755年
アチェ王国,1470,1930,15世紀末@20世紀初め
明,1368,1644,1368年@1644年
紅巾の乱,1351,1366,1351年@66年
朱元璋,1328,1398,1328年@98年
洪武帝,1328,1398,1328年@98年
中書省廃止,1380,1380,1380年
宰相制廃止,1380,1380,1380年
建文帝,1383,1402,1383年@1402年
恵帝,1383,1402,1383年@1402年
靖難の役,1399,1402,1399年@1402年
燕王朱棣,1360,1424,1360年@1424年
永楽帝,1360,1424,1360年@1424年
成祖,1360,1424,1360年@1424年
モンゴル遠征,1410,1424,1410年@24年
鄭和,1371,1434,1371年@1434年頃
北元,1371,1388,1371年@88年
正統帝,1427,1464,1427年@64年
英宗,1427,1464,1427年@64年
エセン＝ハン,1454,1454,1454年
アルタン＝ハン,1507,1582,1507年@82年
万暦帝,1563,1620,1563年@1620年
神宗,1563,1620,1563年@1620年
張居正,1525,1582,1525年@82年
顧憲成,1550,1612,1550年@1612年
魏忠賢,1627,1627,1627年
崇禎帝,1610,1644,1610年@44年
毅宗,1610,1644,1610年@44年
李自成,1606,1645,1606年@45年
ヌルハチ,1559,1626,1559年@1626年
太祖,1559,1626,1559年@1626年
後金,1616,1636,1616年@36年
金,1616,1636,1616年@36年
太宗,1592,1643,1592年@1643年
ホンタイジ,1592,1643,1592年@1643年
王陽明,1472,1528,1472年@1528年
王守仁,1472,1528,1472年@1528年
李贄,1527,1602,1527年@1602年
李卓吾,1527,1602,1527年@1602年
黄宗羲,1610,1695,1610年@95年
顧炎武,1613,1682,1613年@82年
徐光啓,1562,1633,1562年@1633年
李時珍,1523,1596,1523年頃@96年頃
宋応星,1590,1650,1590年頃@1650年頃
董其昌,1555,1636,1555年@1636年
清,1616,1912,1616年@1912年
順治帝,1638,1661,1638年@61年
世袓,1638,1661,1638年@61年
呉三桂,1612,1678,1612年@78年
康熙帝,1654,1722,1654年@1722年
聖祖,1654,1722,1654年@1722年
三藩の乱,1673,1681,1673年@81年
鄭成功,1624,1662,1624年@62年
鄭芝竜,1604,1661,1604年@61年
遷界令,1661,1661,1661年
鄭氏台湾,1661,1683,1661年@83年
ネルチンスク条約,1689,1689,1689年
雍正帝,1678,1735,1678年@1735年
世宗,1678,1735,1678年@1735年
キャフタ条約,1727,1727,1727年
乾隆帝,1711,1799,1711年@99年
高宗,1711,1799,1711年@99年
白蓮教徒の乱,1796,1804,1796年@1804年
黄宗羲,1610,1695,1610年@95年
顧炎武,1613,1682,1613年@82年
王夫之,1619,1692,1619年@92年
銭大昕,1728,1804,1728年@1804年
戴震,1723,1777,1723年@77年
段玉裁,1735,1815,1735年@1815年
八大山人,1625,1625,1625年
フランシスコ＝ザビエル,1506,1552,1506年頃@52年
フランシスコ＝シャヴィエル,1506,1552,1506年頃@52年
マテオ＝リッチ,1552,1610,1552年@1610年
利瑪寶,1552,1610,1552年@1610年
徐光啓,1562,1633,1562年@1633年
アダム＝シャール,1591,1666,1591年@1666年
湯若望,1591,1666,1591年@1666年
フェルビースト,1623,1688,1623年@88年
南懐仁,1623,1688,1623年@88年
ブーヴェ,1656,1730,1656年@1730年
白進,1656,1730,1656年@1730年
レジス,1663,1738,1663年@1738年
雷孝思,1663,1738,1663年@1738年
カスティリオーネ,1688,1766,1688年@1766年
郎世寧,1688,1766,1688年@1766年
パガン朝,1044,1299,1044年@1299年
トゥングー朝,1531,1752,1531年@1752年
コンバウン朝,1752,1885,1752年@1885年
アラウンパヤー朝,1752,1885,1752年@1885年
タークシン,1734,1782,1734年@82年
スコータイ朝,1257,1500,1257年@15世紀
アユタヤ朝,1351,1767,1351年@1767年
ラタナコーシン朝,1782,1782,1782年
チャクリ朝,1782,1782,1782年
ラーマ1世,1735,1809,1735年@1809年
カンポジア,70,1884,1世紀末@1884年
陳朝,1225,1400,1225年@1400年
黎利,1384,1433,1384年@1433年
黎朝,1428,1789,1428年@1527年@1532年@1789年
西山朝,1778,1802,1778年@1802年
阮朝,1802,1945,1802年@1945年
越南国,1802,1887,1802年@87年
ジョホール王国,1530,1718,1530年頃@1718年
クディリ朝,928,1222,928年@1222年
アチェ王国,1470,2000,15世紀末@20世紀
シンガサリ朝,1222,1292,1222年@92年
マジャパヒト王国,1293,1520,1293年@1520年頃
マジャパイト王国,1293,1520,1293年@1520年頃
マタラム王国,1570,1755,16世紀末@1755年
バンテン王国,1527,1813,1527年頃@1813年
マラッカ王国,1370,1511,14世紀末@1511年
ムラカ王国,1370,1511,14世紀末@1511年
朝鮮王朝,1392,1910,1392年@1910年
李氏朝鮮,1392,1910,1392年@1910年
李成桂,1335,1408,1335年@1408年
太祖,1335,1408,1335年@1408年
太宗,1367,1422,1367年@1422年
朝鮮侵略,1592,1598,1592年@93年@97年@98年
李舜臣,1545,1598,1545年@98年
ツォンカパ,1357,1419,1357年@1419年
パスパ,1235,1280,1235年@80年
パクパ,1235,1280,1235年@80年
尚巴志,1372,1439,1372年@1439年
鎌倉幕府,1185,1333,1185年@1333年
源頼朝,1147,1199,1147年@99年
南北朝の争乱,1336,1392,1336年@92年
室町幕府,1338,1573,1338年@1573年
足利義満,1358,1408,1358年@1408年
フランシスコ＝ザビエル,1506,1552,1506年頃@52年
フランシスコ＝シャヴィエル,1506,1552,1506年頃@52年
織田信長,1534,1582,1534年@82年
豊臣秀吉,1537,1598,1537年@98年
朝鮮侵略,1592,1598,1592年@93年@97年@98年
山田長政,1630,1630,1630年
徳川家康,1542,1616,1542年@1616年
江戸幕府,1603,1867,1603年@1867年
徳川幕府,1603,1867,1603年@1867年
チャガタイ＝ハン国,1227,1400,1227年@14世紀後半
西チャガタイ＝ハン国,1330,1360,1330年頃@60年
ティムール,1336,1405,1336年@1405年
ティムール朝,1370,1507,1370年@1507年
ティムール帝国,1370,1507,1370年@1507年
イル＝ハン国,1258,1353,1258年@1353年
キプチャク＝ハン国,1243,1502,1243年@1502年
アンカラの戦い,1402,1402,1402年
シャー＝ルフ,1377,1447,1377年@1447年
ウルグ＝ベク,1394,1449,1394年@1449年
オスマン帝国,1299,1922,1299年@1922年
ルーム＝セルジューク朝,1077,1308,1077年@1308年
オスマン1世,1258,1326,1258年@1326年
オスマン＝ベイ,1258,1326,1258年@1326年
コソヴォの戦い,1389,1389,1389年
バヤジット1世,1360,1403,1360年@1403年
ニコポリスの戦い,1396,1396,1396年
ジギスムント,1368,1437,1368年@1437年
アンカラの戦い,1402,1402,1402年
メフメト2世,1432,1481,1432年@81年
ビザンツ帝国の滅亡,1453,1453,1453年
クリム＝ハン国,1430,1783,1430年頃@1783年
セリム1世,1470,1520,1470年@1520年
マムルーク朝,1250,1517,1250年@1517年
スレイマン1世,1494,1566,1494年@1566年
モハーチの戦い,1526,1526,1526年
ウィーン包囲,1529,1529,1529年
第1次ウィーン包囲,1529,1529,1529年
プレヴェザ海戦,1538,1538,1538年
ミマーリ＝シナン,1489,1587,1489年@1587年
バーキー,1526,1600,1526年@1600年
レパントの海戦,1571,1571,1571年
ウィーン包囲,1683,1683,1683年
第2次ウィーン包囲,1683,1683,1683年
カルロヴィッツ条約,1699,1699,1699年
アフメト3世,1673,1736,1673年@1736年
サファヴィー朝,1501,1736,1501年@1736年
イスマーイール1世,1487,1524,1487年@1524年
アッバース1世,1571,1629,1571年@1629年
アフシャール朝,1736,1796,1736年@96年
カージャール朝,1796,1925,1796年@1925年
シヤイバニ,1451,1510,1451年@1510年
ブハラ＝ハン国,1500,1920,1500年@1920年
ボハラ＝ハン国,1500,1920,1500年@1920年
ヒヴァ＝ハン国,1512,1920,1512年@1920年
コーカンド＝ハン国,1710,1876,1710年頃@1876年
ムガル帝国,1526,1858,1526年@1858年
バーブル,1483,1530,1483年@1530年
パーニーパットの戦い,1526,1526,1526年
アクバル,1542,1605,1542年@1605年
ジャハーンギール,1569,1627,1569年@1627年
シャー＝ジャハーン,1592,1666,1592年@1666年
アウラングゼーブ,1618,1707,1618年@1707年
ヴィジャヤナガル王国,1336,1649,1336年@1649年
シヴァージー,1627,1680,1627年@80年
マラーター王国,1601,1818,17世紀@1818年
マラーター同盟,1708,1818,1708年@1818年
カビール,1440,1518,1440年@1518年頃
ナーナク,1469,1538,1469年@1538年
ムムターズ＝マハル,1631,1631,1631年
マルコ＝ポーロ,1254,1324,1254年@1324年
エンリケ航海王子,1394,1460,1394年@1460年
バルトロメウ＝ディアス,1450,1500,1450年頃@1500年
ヴァスコ＝ダ＝ガマ,1469,1524,1469年頃@1524年
ディウ沖海戦,1509,1509,1509年
トスカネリ,1397,1482,1397年@1482年
コロンブス,1451,1506,1451年@1506年
イサベル,1451,1504,1451年@1504年
イザベラ,1451,1504,1451年@1504年
トルデシリャス条約,1494,1494,1494年
サラゴサ条約,1529,1529,1529年
カボット,1451,1557,1451年頃@98年頃@1476年頃@1557年
カブラル,1460,1526,1460年頃@1526年
アメリゴ＝ヴェスプッチ,1454,1512,1454年@1512年
バルポア,1475,1519,1475年頃@1519年
マゼラン,1480,1521,1480年頃@1521年
マガリャンイス,1480,1521,1480年頃@1521年
世界周航,1519,1522,1519年@22年
コルテス,1485,1547,1485年@1547年
メキシコ征服,1519,1521,1519年@21年
インカ帝国,1200,1533,1200年頃@1533年
インカ文明,1200,1533,1200年頃@1533年
ピサロ,1470,1541,1470年頃@1541年
ペルー征服,1532,1533,1532年@33年
ラス＝カサス,1474,1566,1474年@1566年
コジモ＝デ＝メディチ,1389,1464,1389年@1464年
ロレンツォ＝デ＝メディチ,1449,1492,1449年@92年
ダンテ,1265,1321,1265年@1321年
『新生』,1293,1293,1293年頃
ペトラルカ,1304,1374,1304年@74年
ボッカチオ,1313,1375,1313年@75年
マキァヴェリ,1469,1527,1469年@1527年
ジョット,1266,1337,1266年頃@1337年
ブルネレスキ,1377,1446,1377年@1446年
ギベルティ,1378,1455,1378年@1455年
ドナテルロ,1386,1466,1386年頃@1466年
ブラマンテ,1444,1514,1444年@1514年
ポッティチェリ,1444,1510,1444年頃@1510年
レオナルド＝ダ＝ヴィンチ,1452,1519,1452年@1519年
ミケランジェロ,1475,1564,1475年@1564年
ラファエロ,1483,1520,1483年@1520年
エラスムス,1469,1536,1469年頃@1536年
ファン＝アイク兄弟,1366,1441,1366年頃@1426年@1380年頃@1441年
ブリューゲル,1528,1569,1528年@69年
デューラー,1471,1528,1471年@1528年
クラナハ,1472,1553,1472年@1553年
ホルバイン,1497,1543,1497年@1543年
ロイヒリン,1455,1522,1455年@1522年
フランソワ1世,1494,1547,1494年@1547年
ラブレー,1494,1553,1494年頃@1553年
モンテーニュ,1533,1592,1533年@92年
セルバンテス,1547,1616,1547年@1616年
チョーサー,1340,1400,1340年頃@1400年
トマス＝モア,1478,1535,1478年@1535年
シェークスピア,1564,1616,1564年@1616年
グーテンベルク,1400,1468,1400年頃@68年
コペルニクス,1473,1543,1473年@1543年
ジョルダーノ＝ブルーノ,1548,1600,1548年@1600年
ガリレイ,1564,1642,1564年@1642年
ガリレオ＝ガリレイ,1564,1642,1564年@1642年
ケプラー,1571,1630,1571年@1630年
マルティン＝ルター,1483,1546,1483年@1546年
カール5世,1500,1558,1500年@58年
ヴォルムス帝国議会,1521,1521,1521年
騎士戦争,1522,1522,1522年
ミュンツァー,1490,1525,1490年頃@1525年
ドイツ農民戦争,1524,1525,1524年@25年
フランソワ1世,1494,1547,1494年@1547年
イタリア戦争,1494,1559,1494年@1559年
ウィーン包囲,1509,1529,1529年@9年
第1次ウィーン包囲,1509,1529,1529年@9年
シュマルカルデン戦争,1546,1547,1546年@47年
アウクスブルクの宗教和議,1555,1555,1555年
ツヴィングリ,1484,1531,1484年@1531年
カルヴァン,1509,1564,1509年@64年
ヘンリ8世,1491,1547,1491年@1547年
首長法,1534,1534,1534年
国王至上法,1534,1534,1534年
エドワード6世,1537,1553,1537年@53年
メアリ1世,1516,1558,1516年@58年
エリザベス1世,1533,1603,1533年@1603年
統一法,1559,1559,1559年
イグナティウス＝ロヨラ,1491,1556,1491年頃@1556年
フランシスコ＝ザビエル,1506,1552,1506年頃@52年
フランシスコ＝シャヴィエル,1506,1552,1506年頃@52年
マテオ＝リッチ,1552,1610,1552年@1610年
トリエント公会議,1545,1563,1545年@63年
トレント公会議,1545,1563,1545年@63年
イタリア戦争,1494,1559,1494年@1559年
カトー＝カンブレジ条約,1559,1559,1559年
マクシミリアン1世,1459,1519,1459年@1519年
カルロス1世,1500,1558,1500年@58年
フェリペ2世,1527,1598,1527年@98年
レパントの海戦,1571,1571,1571年
ポルトガル併合,1580,1640,1580年@1640年
オランダ独立戦争,1568,1609,1568年@1609年
ユトレヒト同盟,1579,1579,1579年
独立宣言,1581,1581,1581年
オランダ,1581,1581,1581年
休戦条約,1609,1609,1609年
オラニエ公ウィレム,1533,1584,1533年@84年
オレンジ公ウィリアム,1533,1584,1533年@84年
テューダー朝,1485,1603,1485年@1603年
ヘンリ7世,1457,1509,1457年@1509年
ヘンリ8世,1491,1547,1491年@1547年
トマス＝モア,1478,1535,1478年@1535年
囲い込み,1470,1700,15世紀末@17世紀
エンクロージャー,1470,1700,15世紀末@17世紀
第1次囲い込み,1470,1700,15世紀末@17世紀
メアリ1世,1516,1558,1516年@58年
エリザベス1世,1533,1603,1533年@1603年
アルマダ戦争,1588,1588,1588年
ホーキンズ,1532,1622,1532年@95年@1562年頃@1622年
ドレーク,1543,1596,1543年頃@96年
ローリ,1552,1618,1552年@1618年
ヴァロワ朝,1328,1589,1328年@1589年
カトリーヌ,1519,1589,1519年@89年
ユグノー戦争,1562,1598,1562年@98年
アンリ4世,1553,1610,1553年@1610年
ブルボン朝,1589,1830,1589年@1792年@1814年@30年
ナントの王令,1598,1598,1598年
ナントの勅令,1598,1598,1598年
ルイ13世,1601,1643,1601年@43年
リシュリュー,1585,1642,1585年@1642年
ルイ14世,1638,1715,1638年@1715年
マザラン,1602,1661,1602年@61年
フロンドの乱,1648,1653,1648年@53年
ピレネー条約,1659,1659,1659年
三十年戦争,1618,1648,1618年@48年
ベーメン反乱,1618,1618,1618年
ボヘミア反乱,1618,1618,1618年
グスタフ＝アドルフ,1594,1632,1594年@1632年
ヴァレンシュタイン,1583,1634,1583年@1634年
ワレンシュタイン,1583,1634,1583年@1634年
ウェストフアリア条約,1648,1648,1648年
イヴァン4世,1530,1584,1530年@84年
カザン＝ハン国,1445,1552,1445年@1552年
アストラハン＝ハン国,1466,1556,1466年@1556年
イェルマーク,1585,1585,1585年
ミハイル＝ロマノフ,1596,1645,1596年@1645年
ロマノフ朝,1613,1917,1613年@1917年
ピューリタン革命,1642,1649,1642年@49年
ステュアート朝,1603,1714,1603年@49年@1660年@1714年
ジェームズ1世,1566,1625,1566年@1625年
ジェームズ6世,1566,1625,1566年@1625年
チャールズ1世,1600,1649,1600年@49年
権利の請願,1628,1628,1628年
短期議会,1640,1640,1640年
長期講会,1640,1653,1640年@53年
クロムウェル,1599,1658,1599年@1658年
ネーズビーの戦い,1645,1645,1645年
共和政,1649,1660,1649年@60年
コモンウェルス,1649,1660,1649年@60年
アイルランド征服,1649,1649,1649年
スコットランド征服,1649,1649,1649年
航海法,1651,1651,1651年
王政復古,1660,1660,1660年
チャールズ2世,1630,1685,1630年@85年
審査法,1673,1673,1673年
人身保護法,1679,1679,1679年
ジェームズ2世,1633,1701,1633年@1701年
名誉革命,1688,1689,1688年@89年
権利の章典,1689,1689,1689年
ウィリアム3世,1650,1702,1650年@1702年
メアリ2世,1662,1694,1662年@94年
アン女王,1665,1714,1665年@1714年
ハノーヴァー朝,1714,1917,1714年@1917年
ジョージ1世,1660,1727,1660年@1727年
ウォルポール,1676,1745,1676年@1745年
メシュエン条約,1703,1703,1703年
ルイ14世,1638,1715,1638年@1715年
コルベール,1619,1683,1619年@83年
東インド会社再建,1664,1664,1664年
ナントの王令廃止,1685,1685,1685年
ナントの勅令廃止,1685,1685,1685年
南ネーデルラント継承戦争,1667,1668,1667年@68年
オランダ侵略戦争,1672,1678,1672年@78年
ファルツ戦争,1688,1697,1688年@97年
ファルツ継承戦争,1688,1697,1688年@97年
スペイン継承戦争,1701,1714,1701年@13年@14年
フェリペ5世,1683,1746,1683年@1746年
フィリップ5世,1683,1746,1683年@1746年
ユトレヒト条約,1713,1713,1713年
ラシュタット条約,1714,1714,1714年
ルイ15世,1710,1774,1710年@74年
フリードリヒ＝ヴィルヘルム1世,1688,1740,1688年@1740年
フリードリヒ2世,1712,1786,1712年@86年
フリードリヒ大王,1712,1786,1712年@86年
カルロヴィッツ条約,1699,1699,1699年
カール6世,1685,1740,1685年@1740年
マリア＝テレジア,1717,1780,1717年@80年
オーストリア継承戦争,1740,1748,1740年@48年
七年戦争,1756,1763,1756年@63年
ヴォルテール,1694,1778,1694年@1778年
ヨーゼフ2世,1741,1790,1741年@90年@1765年@90年
ステンカ＝ラージン,1671,1671,1671年
ピョートル1世,1672,1725,1672年@1725年
ピョートル大帝,1672,1725,1672年@1725年
ネルチンスク条約,1689,1689,1689年
北方戦争,1700,1721,1700年@21年
カール12世,1682,1718,1682年@1718年
ベーリング,1681,1741,1681年@1741年
フクスマン,1766,1766,1766年@96年以後
エカチェリーナ2世,1729,1796,1729年@96年
クリム＝ハン国,1430,1783,1430年頃@1783年
プガチョフの反乱,1773,1775,1773年@75年
ヤゲウォ朝,1386,1572,1386年@1572年
ヤゲロー朝,1386,1572,1386年@1572年
ポーランド分割,1772,1795,1772年@1793年@1795年
コシューシコ,1746,1817,1746年@1817年
アルブケルケ,1453,1515,1453年@1515年
マタラム王国,1570,1755,16世紀末@1755年
アンポイナ事件,1623,1623,1623年
東インド会社再建,1664,1664,1664年
フランス東インド会社再建,1664,1664,1664年
デュプレクス,1697,1763,1697年@1763年
七年戦争,1756,1763,1756年@63年
クライヴ,1725,1774,1725年@74年
プラッシーの戦い,1757,1757,1757年
ローリ,1552,1618,1552年@1618年
イギリス＝オランダ戦争,1652,1674,1652年@74年
英蘭戦争,1652,1674,1652年@74年
ファルツ戦争,1688,1697,1688年@97年
ファルツ継承戦争,1688,1697,1688年@97年
スペイン継承戦争,1701,1714,1701年@13年@14年
アン女王戦争,1702,1713,1702年@13年
ユトレヒト条約,1713,1713,1713年
オーストリア継承戦争,1740,1748,1740年@48年
ジョージ王戦争,1744,1748,1744年@48年
七年戦争,1756,1763,1756年@63年
フレンチ＝インディアン戦争,1755,1763,1755年@63年
パリ条約,1763,1763,1763年
ソンガイ王国,1464,1591,1464年@1591年
ダホメ王国,1601,1894,17世紀初め@1894年
ブガンダ王国,1601,1894,17世紀@1894年
アシャンティ王国,1670,1902,17世紀末@1902年
ボイル,1626,1691,1626年@91年
ホイヘンス,1629,1695,1629年@95年
ニュートン,1642,1727,1642年@1727年
ラヴォワジェ,1743,1794,1743年@94年
ラプラース,1749,1827,1749年@1827年
ハーヴェー,1578,1657,1578年@1657年
リンネ,1707,1778,1707年@78年
ジェンナー,1749,1823,1749年@1823年
フランシス＝ベーコン,1561,1626,1561年@1626年
ホッブズ,1588,1679,1588年@1679年
ロック,1632,1704,1632年@1704年
ヒューム,1711,1776,1711年@76年
デカルト,1596,1650,1596年@1650年
スピノザ,1632,1677,1632年@77年
ライプニッツ,1646,1716,1646年@1716年
パスカル,1623,1662,1623年@62年
カント,1724,1804,1724年@1804年
フィルマー,1589,1653,1589年@1653年
ポーダン,1530,1596,1530年@96年
ポシュエ,1627,1704,1627年@1704年
グロティウス,1583,1645,1583年@1645年
ホッブズ,1588,1679,1588年@1679年
ロック,1632,1704,1632年@1704年
モンテスキュー,1689,1755,1689年@1755年
ヴォルテール,1694,1778,1694年@1778年
ルソー,1712,1778,1712年@78年
ディドロ,1713,1784,1713年@84年
ダランベール,1717,1783,1717年@83年
ケネー,1694,1774,1694年@1774年
テュルゴー,1727,1781,1727年@81年
アダム＝スミス,1723,1790,1723年@90年
ルーベンス,1577,1640,1577年@1640年
ファン＝ダイク,1599,1641,1599年@1641年
レンブラント,1606,1669,1606年@69年
フェルメール,1632,1675,1632年@75年
エル＝グレコ,1541,1614,1541年頃@1614年
ベラスケス,1599,1660,1599年@1660年
ムリリョ,1617,1682,1617年@82年
ワトー,1684,1721,1684年@1721年
ブーシェ,1703,1770,1703年@70年
フラゴナール,1732,1806,1732年@1806年
バッハ,1685,1750,1685年@1750年
ヘンデル,1685,1759,1685年@1759年
ハイドン,1732,1809,1732年@1809年
モーツァルト,1756,1791,1756年@91年
ベートーヴェン,1770,1827,1770年@1827年
ミルトン,1608,1674,1608年@74年
バンヤン,1628,1688,1628年@88年
デフォー,1660,1731,1660年@1731年
スウィフト,1667,1745,1667年@1745年
コルネイユ,1606,1684,1606年@84年
ラシーヌ,1639,1699,1639年@99年
モリエール,1622,1673,1622年@73年
囲い込み,1701,1900,18世紀@19世紀
エンクロージャー,1701,1900,18世紀@19世紀
第2次囲い込み,1701,1900,18世紀@19世紀
ジョン＝ケイ,1704,1764,1704年@64年頃
ハーグリーヴズ,1778,1778,1778年
アークライト,1732,1792,1732年@92年
クロンプトン,1753,1827,1753年@1827年
カートライト,1743,1823,1743年@1823年
ホイットニー,1765,1825,1765年@1825年
ニューコメン,1663,1729,1663年@1729年
ワット,1736,1819,1736年@1819年
ダービー,1677,1763,1677年@1717年@1711年@63年
フルトン,1765,1815,1765年@1815年
トレヴィシック,1771,1833,1771年@1833年
スティーヴンソン,1781,1848,1781年@1848年
ラダイト運動,1811,1817,1811年@17年
七年戦争,1756,1763,1756年@63年
ジョージ3世,1738,1820,1738年@1820年
砂糖法,1764,1764,1764年
印紙法,1765,1765,1765年
タウンゼンド諸法,1767,1767,1767年
茶法,1773,1773,1773年
ボストン茶会事件,1773,1773,1773年
ボストン港閉鎖,1774,1774,1774年
アメリカ独立戦争,1775,1783,1775年@83年
レキシントンの戦い,1775,1775,1775年
ワシントン,1732,1799,1732年@99年
パトリック＝ヘンリ,1736,1799,1736年@99年
トマス＝ペイン,1737,1809,1737年@1809年
独立宣言,1776,1776,1776年
アメリカ独立宣言,1776,1776,1776年
ジェファソン,1743,1826,1743年@1826年
サラトガの戦い,1777,1777,1777年
フランクリン,1706,1790,1706年@90年
フランス参戦,1778,1778,1778年
スペイン参戦,1779,1779,1779年
オランダ参戦,1780,1780,1780年
武装中立同盟,1780,1780,1780年
ラ＝ファイエット,1757,1834,1757年@1834年
コシューシコ,1746,1817,1746年@1817年
ヨークタウンの戦い,1781,1781,1781年
パリ条約,1783,1783,1783年
アメリカ連合規約,1777,1777,1777年
憲法制定会議,1787,1787,1787年
ハミルトン,1757,1804,1757年@1804年
フランス革命,1789,1799,1789年@99年
シェイエス,1748,1836,1748年@1836年
ルイ16世,1754,1793,1754年@93年
マリ＝アントワネット,1755,1793,1755年@93年
テュルゴー,1727,1781,1727年@81年
ネッケル,1732,1804,1732年@1804年
国民講会,1789,1791,1789年@91年
球戯場の誓い,1789,1789,1789年
テニスコートの誓い,1789,1789,1789年
憲法制定議会,1789,1789,1789年
バスティーユ牢獄襲撃,1789,1789,1789年
封建的特権の廃止,1789,1789,1789年
人権宣言,1789,1789,1789年
人間および市民の権利の宣言,1789,1789,1789年
ラ＝ファイエット,1757,1834,1757年@1834年
ヴェルサイユ行進,1789,1789,1789年
ミラポー,1749,1791,1749年@91年
ヴァレンヌ逃亡事件,1791,1791,1791年
ピルニッツ宣言,1791,1791,1791年
立法讓会,1791,1792,1791年@92年
ジロンド派内閣,1703,1792,1792年@3年
8月10日事件,1792,1792,1792年
国民公会,1792,1795,1792年@95年
ヴァルミーの戦い,1792,1792,1792年
第一共和政,1792,1804,1792年@1804年
ルイ16世処刑,1793,1793,1793年
ピット,1759,1806,1759年@1806年
第1回対仏大同盟,1793,1797,1793年@97年
徴兵制の実施,1793,1793,1793年
ヴァンデーの農民反乱,1793,1793,1793年
恐怖政治,1793,1794,1793年@94年
マラー,1743,1793,1743年@93年
ロベスピエール,1758,1794,1758年@94年
エベール,1757,1794,1757年@94年
ダントン,1759,1794,1759年@94年
王党派の反乱,1795,1795,1795年
総裁政府,1795,1799,1795年@99年
バブーフ,1760,1797,1760年@97年
ナポレオン＝ボナパルト,1769,1821,1769年@1821年
ナポレオン戦争,1796,1815,1796年@1815年
イタリア遠征,1796,1797,1796年@97年
エジプト遠征,1798,1799,1798年@99年
第2回対仏大同盟,1799,1802,1799年@1802年
ブリュメール18日のクーデタ,1799,1799,1799年
ナポレオン時代,1799,1815,1799年@1815年
統領政府,1799,1804,1799年@1804年
執政政府,1799,1804,1799年@1804年
宗教協約,1801,1801,1801年
コンコルダート,1801,1801,1801年
アミアンの和約,1802,1802,1802年
終身統領,1802,1802,1802年
ナポレオン法典,1804,1804,1804年
フランス民法典,1804,1804,1804年
ナポレオン1世,1804,1815,1804年@14年@15年
ジョゼフイーヌ,1763,1814,1763年@1814年
第一帝政,1804,1815,1804年@14年@15年
第3回対仏大同盟,1805,1805,1805年
トラファルガーの海戦,1805,1805,1805年
ネルソン,1758,1805,1758年@1805年
ジョゼフ,1768,1844,1768年@1844年
ルイ,1778,1846,1778年@1846年
アウステルリッツの戦い,1805,1805,1805年
三帝会戦,1805,1805,1805年
ライン同盟,1806,1813,1806年@13年
ライン連邦,1806,1813,1806年@13年
神聖ローマ帝国消滅,1806,1806,1806年
フランツ2世,1768,1835,1768年@1835年
イエナの戦い,1806,1806,1806年
大陸封鎖令,1806,1806,1806年
ベルリン勅令,1806,1806,1806年
ティルジット条約,1807,1807,1807年
ワルシャワ大公国,1807,1814,1807年@14年
マリ＝ルイーズ,1791,1847,1791年@1847年
スペイン反乱,1808,1814,1808年@14年
シュタイン,1757,1831,1757年@1831年
ハルデンベルク,1750,1822,1750年@1822年
フィヒテ,1762,1814,1762年@1814年
フンポルト,1767,1835,1767年@1835年
ロシア遠征,1812,1812,1812年
モスクワ遠征,1812,1812,1812年
第4回対仏大同盟,1813,1814,1813年@14年
解放戦争,1813,1814,1813年@14年
ライプチヒの戦い,1813,1813,1813年
諸国民戦争,1813,1813,1813年
ルイ18世,1755,1824,1755年@1824年
ウィーン会議,1814,1815,1814年@15年
ワーテルローの戦い,1815,1815,1815年
ウェリントン,185,1769,1769年@185年
百日天下,1815,1829,1815年@22年@29年
ウィーン体制,1815,1848,1815年@48年
ウィーン会議,1814,1815,1814年@15年
メッテルニヒ,1773,1859,1773年@1859年
タレーラン,1754,1838,1754年@1838年
アレクサンドル1世,1777,1825,1777年@1825年
カールスバート決議,1819,1819,1819年
ナポリ蜂起,1820,1820,1820年
ピエモンテ蜂起,1821,1821,1821年
スペイン立憲革命,1820,1820,1820年
サン＝ドマングの蜂起,1791,1791,1791年
トゥサン＝ルヴェルチュール,1743,1803,1743年@1803年
シモン＝ポリバル,1783,1830,1783年@1830年
サン＝マルティン,1778,1850,1778年@1850年
イダルゴ,1753,1811,1753年@1811年
カニング,1770,1827,1770年@1827年
モンロー,1758,1831,1758年@1831年
モンロー宣言,1823,1823,1823年
モンロー教書,1823,1823,1823年
ギリシア独立戦争,1821,1829,1821年@29年
アドリアノープル条約,1829,1829,1829年
ロンドン会議,1830,1830,1830年
復古王政,1814,1830,1814年@30年
ルイ18世,1755,1824,1755年@1824年
シャルル10世,1757,1836,1757年@1836年
アルジェリア出兵,1805,1830,1830年@5年
アブドゥル＝カーディル,1808,1883,1808年@83年
七月勃令,1830,1830,1830年
七月革命,1830,1830,1830年
ルイ＝フィリップ,1773,1850,1773年@1850年
七月王政,1830,1848,1830年@48年
ポーランド反乱,1830,1831,1830年@31年
ドイツ反乱,1830,1830,1830年
イタリア反乱,1831,1831,1831年
団結禁止法廃止,1824,1824,1824年
審査法廃止,1828,1828,1828年
カトリック教徒解放法,1829,1829,1829年
オコンネル,1775,1847,1775年@1847年
第1回選挙法改正,1832,1832,1832年
グレイ内閣,1830,1834,1830年@34年
奴隸貿易禁止,1807,1807,1807年
イギリス,1807,1807,1807年
ウイルバーフォース,1759,1833,1759年@1833年
奴隸制廃止,1833,1833,1833年
イギリス,1833,1833,1833年
東インド会社の中国貿易独占権廃止,1833,1833,1833年
コブデン,1804,1865,1804年@65年
ブライト,1811,1889,1811年@89年
反穀物法同盟,1839,1839,1839年
穀物法廃止,1846,1846,1846年
航海法廃止,1849,1849,1849年
チャーテイスト運動,1837,1858,1837年頃@58年頃
チャドウイック,1800,1890,1800年@90年
改革宴会,1847,1848,1847年@48年
ギゾー,1787,1874,1787年@1874年
二月革命,1848,1848,1848年
第二共和政,1848,1852,1848年@52年
ラマルテイーヌ,1790,1869,1790年@1869年
ルイ＝ブラン,1811,1882,1811年@82年
四月普通選挙,1848,1848,1848年
六月暴動,1848,1848,1848年
六月蜂起,1848,1848,1848年
カヴエニヤツク,1802,1857,1802年@57年
ルイ＝ナポレオン,1808,1873,1808年@73年
三月革命,1848,1848,1848年
ウィーン三月革命,1848,1848,1848年
ハンガリー民族運動,1848,1848,1848年
マジャール人民族運動,1848,1848,1848年
コシュート,1802,1894,1802年@94年
ベーメン民族運動,1848,1848,1848年
ボヘミア民族運動,1848,1848,1848年
スラヴ民族会議,1848,1848,1848年
イエラチッチ,1801,1859,1801年@59年
パラツキー,1798,1876,1798年@1876年
ベルリン三月革命,1848,1848,1848年
フランクフルト国民,1848,1848,1848年
フリードリヒ＝ヴィルヘルム4世,1795,1861,1795年@1861年
ロパート＝オーウェン,1771,1858,1771年@1858年
サン＝シモン,1760,1825,1760年@1825年
フーリエ,1772,1837,1772年@1837年
プルードン,1809,1865,1809年@65年
マルクス,1818,1883,1818年@83年
エンゲルス,1820,1895,1820年@95年
『共產党宣言』,1811,1811,11年
マッツィーニ,1805,1872,1805年@72年
ローマ共和国,1802,1849,1849年@2年
カルロ＝アルベルト,1798,1849,1798年@1849年
ヴィットーリオ＝エマヌエーレ2世,1820,1878,1820年@78年
カヴール,1810,1861,1810年@61年
クリミア戦争参戦,1855,1855,1855年
イタリア統一戦争,1859,1859,1859年
中部イタリア併合,1860,1860,1860年
ガリバルディ,1807,1882,1807年@82年
シチリア占領,1860,1860,1860年
ヴェネツィア併合,1866,1866,1866年
教皇領占領,1870,1870,1870年
ヴィルヘルム1世,1797,1888,1797年@1888年
ビスマルク,1815,1898,1815年@98年
デンマーク戦争,1864,1864,1864年
プロイセン＝オーストリア戦争,1866,1866,1866年
普墺戦争,1866,1866,1866年
北ドイツ連邦,1867,1871,1867年@71年
オーストリア＝ハンガリー帝国,1867,1918,1867年@1918年
オーストリア＝ハンガリー二重帝国,1867,1918,1867年@1918年
エリザベート,1837,1898,1837年@98年
プロイセン＝フランス戦争,1870,1871,1870年@1871年
普仏戦争,1870,1871,1870年@1871年
ドイツ帝国,1871,1918,1871年@1918年
文化闘争,1871,1880,1871年@80年
皇帝狙撃事件,1878,1878,1878年
社会主義者鎮圧法,1878,1878,1878年
疾病保険制度,1883,1883,1883年
災害保険法,1884,1884,1884年
養老保険法,1889,1889,1889年
三国同盟,1882,1882,1882年
再保障条約,1887,1887,1887年
1851年クーデタ,1851,1851,1851年
第二帝政,1852,1870,1852年@70年
クリミア戦争,1853,1856,1853年@56年
イタリア統一戦争,1859,1859,1859年
アロー戦争,1856,1860,1856年@60年
インドシナ出兵,1858,1867,1858年@67年
オスマン,1809,1891,1809年@91年
メキシコ出兵,1861,1867,1861年@67年
プロイセン＝フランス戦争,1870,1871,1870年@1871年
普仏戦争,1870,1871,1870年@1871年
臨時政府,1871,1871,1871年
ティエール,1797,1877,1797年@1877年
パリ＝コミューン,1871,1871,1871年
第三共和政,1870,1940,1870年@1940年
第三共和政憲法,1875,1875,1875年
ヴィクトリア女王,1819,1901,1819年@1901年
ディズレーリ,1804,1881,1804年@81年
グラッドストン,1809,1898,1809年@98年
第2回選挙法改正,1867,1867,1867年
教育法,1870,1870,1870年
労働組合法,1871,1871,1871年
第3回選挙法改正,1884,1884,1884年
アイルランド土地法,1870,1870,1870年
ニコライ1世,1796,1855,1796年@1855年
アレクサンドル2世,1818,1881,1818年@81年
農奴解放令,1861,1861,1861年
ポーランド反乱,1863,1863,1863年
一月蜂起,1863,1863,1863年
アレクサンドル2世の暗殺,1881,1881,1881年
ギリシア独立戦争,1821,1829,1821年@29年
ムハンマド＝アリー,1769,1849,1769年@1849年
メフメト＝アリー,1769,1849,1769年@1849年
エジプト＝トルコ戦争,1831,1840,1831年@33年@39年@40年
エジプト事件,1831,1840,1831年@33年@39年@40年
ロンドン会議,1840,1840,1840年
クリミア戦争,1853,1856,1853年@56年
パリ条約,1856,1856,1856年
ロシア＝トルコ戦争,1877,1878,1877年@78年
露土戦争,1877,1878,1877年@78年
サン＝ステファノ条約,1878,1878,1878年
ベルリン会議,1806,1878,1878年@6年
ジェファソン,1743,1826,1743年@1826年
ルイジアナ買収,1803,1803,1803年
アメリカ＝イギリス戦争,1812,1814,1812年@14年
米英戦争,1812,1814,1812年@14年
モンロー宣言,1823,1823,1823年
モンロー教書,1823,1823,1823年
ジャクソン,1767,1845,1767年@1845年
フロリダ買収,1819,1819,1819年
アメリカ＝メキシコ戦争,1846,1848,1846年@48年
オレゴン併合,1846,1846,1846年
インディアン強制移住法,1830,1830,1830年
ミズーリ協定,1820,1820,1820年
カンザス・ネブラスカ法,1854,1854,1854年
ストウ夫人,1811,1896,1811年@96年
ハリエット＝ストウ,1811,1896,1811年@96年
リンカン,1809,1865,1809年@65年
アメリカ連合国,1861,1865,1861年@65年
アメリカ連邦,1861,1865,1861年@65年
ジェファソン＝デヴィス,1808,1889,1808年@89年
南北戦争,1861,1865,1861年@65年
リー,1807,1870,1807年@70年
グラント,1822,1885,1822年@85年
ホームステッド法,1862,1862,1862年
自営農地法,1862,1862,1862年
人民の,1863,1863,1863年
人民による,1863,1863,1863年
人民のための政治,1863,1863,1863年
リンカンの暗殺,1865,1865,1865年
憲法修正第13条,1865,1865,1865年
アラスカ買収,1867,1867,1867年
メキシコ内乱,1861,1867,1861年@67年
フアレス,1806,1872,1806年@72年
マクシミリアン,1832,1867,1832年@67年
ディアス,1830,1915,1830年@1915年
第1インターナショナル,1864,1876,1864年@76年
国際労働者協会,1864,1876,1864年@76年
パクーニン,1814,1876,1814年@76年
第2インターナショナル,1889,1914,1889年@1914年
ナイティンゲール,1820,1910,1820年@1910年
デュナン,1828,1910,1828年@1910年
国際オリンピック大会,1896,1896,1896年
クーベルタン,1863,1937,1863年@1937年
万国平和会議,1899,1907,1899年@1907年
トマス＝クック,1808,1892,1808年@92年
ゲーテ,1749,1832,1749年@1832年
シラー,1759,1805,1759年@1805年
ノヴァーリス,1772,1801,1772年@1801年
シュレーゲル兄弟,1767,1845,1767年@1845年@1772年@1829年
ヘルダーリン,1770,1843,1770年@1843年
グリム兄弟,1785,1863,1785年@1863年@1786年@1859年
ハイネ,1797,1856,1797年@1856年
スタール夫人,1766,1817,1766年@1817年
シャトーブリアン,1768,1848,1768年@1848年
ユーゴー,1802,1885,1802年@85年
ワーズワース,1770,1850,1770年@1850年
スコット,1771,1832,1771年@1832年
バイロン,1788,1824,1788年@1824年
エマーソン,1803,1882,1803年@82年
ホーソン,1804,1864,1804年@64年
ホイットマン,1819,1892,1819年@92年
プーシキン,1799,1837,1799年@1837年
スタンダール,1783,1842,1783年@1842年
バルザック,1799,1850,1799年@1850年
フロベール,1821,1880,1821年@80年
サッカレー,1811,1863,1811年@63年
ディケンズ,1812,1870,1812年@70年
ゴーゴリ,1809,1852,1809年@52年
トゥルゲーネフ,1818,1883,1818年@83年
ドストエフスキー,1821,1881,1821年@81年
トルストイ,1828,1910,1828年@1910年
チェーホフ,1860,1904,1860年@1904年
ゾラ,1840,1902,1840年@1902年
モーパッサン,1850,1893,1850年@93年
イプセン,1828,1906,1828年@1906年
ストリンドベリ,1849,1912,1849年@1912年
ポードレール,1821,1867,1821年@67年
ランポー,1854,1891,1854年@91年
古典主義絵画,1770,1900,18世紀末@19世紀
ダヴィド,1748,1825,1748年@1825年
アングル,1780,1867,1780年@1867年
ドラクロワ,1798,1863,1798年@1863年
ミレー,1814,1875,1814年@75年
ゴヤ,1746,1828,1746年@1828年
ドーミエ,1808,1879,1808年@79年
クールベ,1819,1877,1819年@77年
マネ,1832,1883,1832年@83年
モネ,1840,1926,1840年@1926年
ルノワール,1841,1919,1841年@1919年
セザンヌ,1839,1906,1839年@1906年
ゴーガン,1848,1903,1848年@1903年
ゴッホ,1853,1890,1853年@90年
ロダン,1840,1917,1840年@1917年
古典派音楽,1750,1900,18世紀後半@19世紀
ハイドン,1732,1809,1732年@1809年
モーツァルト,1756,1791,1756年@91年
ベートーヴェン,1770,1827,1770年@1827年
シューベルト,1797,1828,1797年@1828年
ベルリオーズ,1803,1869,1803年@69年
シューマン,1810,1856,1810年@56年
リスト,1811,1886,1811年@86年
フランツ・リスト,1811,1886,1811年@86年
ショパン,1810,1849,1810年@49年
ムソルグスキー,1839,1881,1839年@81年
チャイコフスキー,1840,1893,1840年@93年
ワグナー,1813,1883,1813年@83年
ヴァーグナー,1813,1883,1813年@83年
スメタナ,1824,1884,1824年@84年
ドビュッシー,1862,1918,1862年@1918年
カント,1724,1804,1724年@1804年
フィヒテ,1762,1814,1762年@1814年
シェリング,1775,1854,1775年@1854年
ヘーゲル,1770,1831,1770年@1831年
フォイエルバッハ,1804,1872,1804年@72年
マルクス,1818,1883,1818年@83年
ベンサム,1748,1832,1748年@1832年
ジョン＝ステュアート＝ミル,1806,1873,1806年@73年
コント,1798,1857,1798年@1857年
ハーバート＝スペンサー,1820,1903,1820年@1903年
ショーペンハウエル,1788,1860,1788年@1860年
キェルケゴール,1813,1855,1813年@55年
ニーチェ,1844,1900,1844年@1900年
フロイト,1856,1939,1856年@1939年
マルサス,1766,1834,1766年@1834年
リカード,1772,1823,1772年@1823年
リスト,1789,1846,1789年@1846年
ランケ,1795,1886,1795年@1886年
サヴィニー,1779,1861,1779年@1861年
ファラデー,1791,1867,1791年@1867年
マイヤー,1814,1878,1814年@78年
ヘルムホルツ,1821,1894,1821年@94年
レントゲン,1845,1923,1845年@1923年
キュリー夫妻,1859,1934,1859年@1906年@1867年@1934年
リービヒ,1803,1873,1803年@73年
ダーウィン,1809,1882,1809年@82年
メンデル,1822,1884,1822年@84年
パストゥール,1822,1895,1822年@95年
コッホ,1843,1910,1843年@1910年
ノーベル,1833,1896,1833年@96年
モールス,1791,1872,1791年@1872年
ベル,1847,1922,1847年@1922年
マルコーニ,1874,1937,1874年@1937年
エディソン,1847,1931,1847年@1931年
ディーゼル,1858,1913,1858年@1913年
ダイムラー,1834,1900,1834年@1900年
タスマン,1603,1659,1603年@59年
クック,1728,1779,1728年@79年
ヘディン,1865,1952,1865年@1952年
リヴィングストン,1813,1873,1813年@73年
スタンリー,1841,1904,1841年@1904年
ピアリ,1856,1920,1856年@1920年
アムンゼン,1872,1928,1872年@1928年
スコット,1868,1912,1868年@1912年
オスマン帝国,1299,1922,1299年@1922年
ウィーン包囲,1683,1683,1683年
第2次ウィーン包囲,1683,1683,1683年
カルロヴィッツ条約,1699,1699,1699年
キュチュク＝カイナルジ条約,1774,1774,1774年
ナポレオンのエジプト占領,1798,1799,1798年@99年
イェニチェリ軍団の解散,1826,1826,1826年
イブン＝アブドゥル＝ワッハーブ,1703,1791,1703年@91年
ワッハーブ王国,1744,1889,1744年頃@1818年@1823年@89年
サウード王国,1744,1889,1744年頃@1818年@1823年@89年
ムハンマド＝アリー,1769,1849,1769年@1849年
メフメト＝アリー,1769,1849,1769年@1849年
ムハンマド＝アリー朝,1805,1952,1805年@1952年
エジプト＝トルコ戦争,1831,1840,1831年@33年@39年@40年
トルコ＝イギリス通商条約,1838,1838,1838年
ロンドン会議,1840,1840,1840年
ロンドン4国条約,1840,1840,1840年
レセップス,1805,1894,1805年@94年
ウラービーの反乱,1881,1882,1881年@82年
ウラービー＝パシャの反乱,1881,1882,1881年@82年
ムスタファ＝カーミル,1874,1908,1874年@1908年
タンジマート,1839,1876,1839年@76年
恩恵改革,1839,1876,1839年@76年
アブデュル＝メジト1世,1823,1861,1823年@61年
ギュルハネ勅令,1839,1839,1839年
クリミア戦争,1853,1856,1853年@56年
アブデュル＝ハミト2世,1842,1918,1842年@1918年
ミドハト＝パシャ,1822,1884,1822年@84年
ミドハト憲法,1876,1876,1876年
ロシア＝トルコ戦争,1877,1878,1877年@78年
露土戦争,1877,1878,1877年@78年
カージャール朝,1796,1925,1796年@1925年
トルコマンチャーイ条約,1828,1828,1828年
サイイド＝アリー＝ムハンマド,1819,1850,1819年@50年
パーブ教徒の乱,1848,1850,1848年@50年
タバコ＝ボイコット運動,1891,1891,1891年
ドゥッラーニー朝,1747,1842,1747年@1842年
アフガン戦争,1838,1919,1838年@42年@78年@80年@1919年
アフガニスタン保護国化,1880,1880,1880年
ブハラ＝ハン国,1505,1920,1505年@1920年
ボハラ＝ハン国,1505,1920,1505年@1920年
ヒヴァ＝ハン国,1512,1920,1512年@1920年
ムガル帝国,1526,1858,1526年@1858年
カーナティック戦争,1744,1763,1744年@61年@63年
カルナータカ戦争,1744,1763,1744年@61年@63年
ブラッシーの戦い,1757,1757,1757年
クライヴ,1725,1774,1725年@74年
マイソール戦争,1767,1799,1767年@69年@80年@84年@90年@92年@99年
マラーター同盟,1708,1818,1708年@1818年
マラーター戦争,1775,1818,1775年@82年@1803年@05年@1817年@18年
イギリス東インド会社の貿易独占権廃止,1813,1813,1813年
グルカ戦争,1814,1816,1814年@16年
イギリス東インド会社の商業活動停止,1833,1833,1833年
シク戦争,1845,1849,1845年@46年@48年@49年
パンジャーブ併合,1849,1849,1849年
シパーヒーの反乱,1857,1859,1857年@59年
セボイの反乱,1857,1859,1857年@59年
ラクシュミー＝バーイ,1858,1858,1858年
デリー城を占拠,1857,1857,1857年
ムガル帝国滅亡,1858,1858,1858年
東インド会社解散,1858,1858,1858年
イギリス東インド会社解散,1858,1858,1858年
インド帝国,1877,1947,1877年@1947年
ヴィクトリア女王,1819,1901,1819年@1901年
アンボイナ事件,1623,1623,1623年
マタラム王国,1570,1755,16世紀末@1755年
バタヴィア共和国,1795,1806,1795年@1806年
東インド会社解散,1799,1799,1799年
オランダ東インド会社解散,1799,1799,1799年
イギリス＝オランダ協定,1824,1824,1824年
ジャワ戦争,1825,1830,1825年@30年
ファン＝デン＝ボス,1780,1844,1780年@1844年
アチェ王国,1470,2000,15世紀末@20世紀
アチェ戦争,1873,1912,1873年@1912年
コンバウン朝,1752,1885,1752年@1885年
アラウンパヤー朝,1752,1885,1752年@1885年
ビルマ戦争,1824,1886,1824年@26年@52年@53年@85年@86年
ミャンマー戦争,1824,1886,1824年@26年@52年@53年@85年@86年
ビルマ併合,1886,1886,1886年
ミャンマー併合,1886,1886,1886年
西山党の乱,1773,1802,1773年@1802年
タイソン党の乱,1773,1802,1773年@1802年
西山朝,1778,1802,1778年@1802年
阮福暎,1762,1820,1762年@1820年
阮福映,1762,1820,1762年@1820年
嘉隆帝,1762,1820,1762年@1820年
阮朝,1802,1945,1802年@1945年
ピニョー,1741,1799,1741年@99年
仏越戦争,1858,1862,1858年@62年
サイゴン条約,1862,1862,1862年
カンポジア保護国化,1863,1863,1863年
劉永福,1837,1917,1837年@1917年
ユエ条約,1883,1884,1883年@1884年
清仏戦争,1884,1885,1884年@85年
天津条約,1885,1885,1885年
フランス領インドシナ連邦,1887,1945,1887年@1945年
ルアンプラバン王国,1707,1946,1707年@1946年
ラオス,1899,1899,1899年
フランス領インドシナ連邦に編入,1899,1899,1899年
ラタナコーシン朝,1782,1782,1782年
チャクリ朝,1782,1782,1782年
ポーリング条約,1855,1855,1855年
ラーマ5世,1853,1910,1853年@1910年
チュラロンコン,1853,1910,1853年@1910年
白蓮教徒の乱,1796,1804,1796年@1804年
天理教徒の乱,1813,1813,1813年
マカートニー,1737,1806,1737年@1806年
アマースト,1773,1857,1773年@1857年
アヘン戦争,1840,1842,1840年@42年
道光帝,1782,1850,1782年@1850年
林則徐,1785,1850,1785年@1850年
南京条約,1842,1842,1842年
五港（五口）通商章程,1843,1843,1843年
虎門寨追加条約,1843,1843,1843年
望厦条約,1844,1844,1844年
黄埔条約,1844,1844,1844年
魏源,1794,1856,1794年@1856年
アロー号事件,1856,1856,1856年
フランス人宣教師殺害事件,1856,1856,1856年
アロー戦争,1856,1860,1856年@60年
円明園の破壊,1860,1860,1860年
北京条約,1860,1860,1860年
ネルチンスク条約,1689,1689,1689年
キャフタ条約,1727,1727,1727年
ラクスマン,1766,1766,1766年@96年以後
ムラヴィヨフ,1809,1881,1809年@81年
アイグン条約,1858,1858,1858年
愛琿条約,1858,1858,1858年
北京条約,1860,1860,1860年
露・清北京条約,1860,1860,1860年
日露和親条約,1855,1855,1855年
トルコマンチャーイ条約,1828,1828,1828年
ブハラ＝ハン国,1505,1920,1505年@1920年
ボハラ＝ハン国,1505,1920,1505年@1920年
ヒヴァ＝ハン国,1512,1920,1512年@1920年
ヤクブ＝ベク,1820,1877,1820年頃@77年
イリ事件,1871,1881,1871年@81年
イリ条約,1881,1881,1881年
太平天国の乱,1851,1864,1851年@64年
洪秀全,1813,1864,1813年@64年
咸豊帝,1831,1861,1831年@61年
太平天国,1851,1864,1851年@64年
曾国藩,1811,1872,1811年@72年
李鴻章,1823,1901,1823年@1901年
ウォード,1831,1862,1831年@62年
ゴードン,1833,1885,1833年@85年
恭親王,1832,1898,1832年@98年
同治帝,1856,1875,1856年@75年
穆宗,1856,1875,1856年@75年
西太后,1835,1908,1835年@1908年
左宗棠,1812,1885,1812年@85年
ペリー,1794,1858,1794年@1858年
日米和親条約,1854,1854,1854年
日米修好通商条約,1858,1858,1858年
ハリス,1804,1878,1804年@78年
日清修好条規,1871,1871,1871年
台湾出兵,1874,1874,1874年
樺太・千島交換条約,1875,1875,1875年
洪景来の乱,1811,1812,1811年@12年
江華島事件,1875,1875,1875年
日朝修好条規,1876,1876,1876年
江華島条約,1876,1876,1876年
高宗,1852,1919,1852年@1919年
大院君,1820,1898,1820年@98年
壬午軍乱,1882,1882,1882年
金玉均,1851,1894,1851年@94年
甲申政変,1884,1884,1884年
天津条約,1885,1885,1885年
日・清天津条約,1885,1885,1885年
丁若鏞,1762,1836,1762年@1836年
崔済愚,1824,1864,1824年@64年
全捧準,1854,1895,1854年@95年
甲午農民戦争,1894,1894,1894年
東学党の乱,1894,1894,1894年
日清戦争,1894,1895,1894年@95年
下関の条約,1895,1895,1895年
三国干渉,1895,1895,1895年
ディズレーリ,1804,1881,1804年@81年
スエズ運河会社株買収,1875,1875,1875年
ジョゼフ＝チェンバレン,1836,1914,1836年@1914年
ウェッブ夫妻,1858,1947,1859年@1947年@1858年@1943年
バーナード＝ショー,1856,1950,1856年@1950年
ケア＝ハーディ,1856,1915,1856年@1915年
アスキス,1852,1928,1852年@1928年
国民保険法,1911,1911,1911年
議会法,1911,1911,1911年
議院法,1911,1911,1911年
イースター蜂起,1916,1916,1916年
第三共和政,1870,1940,1870年@1940年
ブーランジェ事件,1887,1889,1887年@89年
ドレフュス事件,1894,1899,1894年@99年
ヘルツル,1860,1904,1860年@1904年
ゾラ,1840,1902,1840年@1902年
クレマンソー,1841,1929,1841年@1929年
英仏協商,1904,1904,1904年
政教分離法,1905,1905,1905年
ビスマルク辞職,1890,1890,1890年
ヴィルヘルム2世,1859,1941,1859年@1941年
ラサール,1825,1864,1825年@64年
ベーベル,1840,1913,1840年@1913年
ベルンシュタイン,1850,1932,1850年@1932年
レーニン,1870,1924,1870年@1924年
プレハーノフ,1856,1918,1856年@1918年
マルトフ,1873,1923,1873年@1923年
ニコライ2世,1868,1918,1868年@1918年
血の日曜日事件,1905,1905,1905年
ガポン,1870,1906,1870年@1906年
第1次ロシア革命,1901,1905,1905年@1年
ポチョムキン号の反乱,1905,1905,1905年
十月宣言,1905,1905,1905年
十月勅令,1905,1905,1905年
ウィッテ,1849,1915,1849年@1915年
ヴィッテ,1849,1915,1849年@1915年
ストルイピン,1862,1911,1862年@1911年
ジェロニモ,1829,1909,1829年@1909年
ロックフェラー,1839,1937,1839年@1937年
ロックフェラー1世,1839,1937,1839年@1937年
カーネギー,1835,1919,1835年@1919年
モルガン,1837,1913,1837年@1913年
シャーマン反トラスト法,1890,1890,1890年
マッキンリー,1843,1901,1843年@1901年
アメリカ＝スペイン戦争,1898,1898,1898年
米西戦争,1898,1898,1898年
ジョン＝ヘイ,1838,1905,1838年@1905年
門戸開放宣言,1899,1900,1899年@1900年
セオドア＝ローズヴェルト,1858,1919,1858年@1919年
セオドア＝ルーズヴェルト,1858,1919,1858年@1919年
ウィルソン,1856,1924,1856年@1924年
リヴィングストン,1813,1873,1813年@73年
スタンリー,1841,1904,1841年@1904年
ベルリン会議,1884,1885,1884年@85年
コンゴ自由国,1885,1908,1885年@1908年
レオポルド2世,1865,1909,1865年@1909年@1908年
ウラービーの反乱,1881,1882,1881年@82年
オラービーの反乱,1881,1882,1881年@82年
エジプトの保護国化,1882,1882,1882年
イギリス・エジプトの保護国化,1882,1882,1882年
ムハンマド＝アフマド,1844,1885,1844年頃@85年
マフディーの反乱,1881,1898,1881年@98年
ゴードン,1833,1885,1833年@85年
ブガンダ王国,1601,1894,17世紀@1894年
セシル＝ローズ,1853,1902,1853年@1902年
トランスヴァール共和国,1852,1902,1852年@1902年
オレンジ自由国,1854,1902,1854年@1902年
南アフリカ戦争,1899,1902,1899年@1902年
南ア・ブール戦争,1899,1902,1899年@1902年
アルジェリア攻略,1830,1830,1830年
フランスアルジェリア攻略,1830,1830,1830年
チュニジア保護国化,1881,1881,1881年
フランスチュニジア保護国化,1881,1881,1881年
アシャンティ王国,1650,1902,17世紀後半@1902年
ダホメ王国,1601,1894,17世紀@1894年
サモリ＝トゥーレ,1830,1900,1830年頃@1900年
サモリ帝国,1870,1898,1870年頃@98年
ファショダ事件,1898,1898,1898年
マジ＝マジの蜂起,1905,1907,1905年@07年
第1次モロッコ事件,1905,1905,1905年
タンジール事件,1905,1905,1905年
アルヘシラス会議,1901,1906,1906年@1年
第2次モロッコ事件,1911,1911,1911年
アガディール事件,1911,1911,1911年
モロッコ保護国化,1912,1912,1912年
フランスモロッコ保護国化,1912,1912,1912年
メネリク2世,1844,1913,1844年@1913年
イタリア軍のエチオピア侵入,1895,1896,1895年@96年
イタリア＝トルコ戦争,1911,1912,1911年@12年
タスマン,1603,1659,1603年@59年
クック,1728,1779,1728年@79年
カメハメハ朝,1795,1893,1795年@1893年
リリウオカラニ,1838,1917,1838年@1917年
アメリカ＝スペイン戦争,1898,1898,1898年
米西戦争,1898,1898,1898年
メキシコ革命,1910,1917,1910年@17年
ディアス,1830,1915,1830年@1915年
マデロ,1873,1913,1873年@1913年
サパタ,1879,1919,1879年頃@1919年
ビリヤ,1877,1923,1877年@1923年
カランサ,1859,1920,1859年@1920年
三帝同盟,1873,1873,1873年
独燠同盟,1879,1879,1879年
三国同盟,1882,1915,1882年@1915年
ヴィルヘルム2世,1859,1941,1859年@1941年
日英同盟,1902,1902,1902年
英仏協商,1904,1904,1904年
英露協商,1907,1907,1907年
モロッコ保護国化,1912,1912,1912年
フランスモロッコ保護国化,1912,1912,1912年
イタリア＝トルコ戦争,1911,1912,1911年@12年
バルカン同盟,1903,1912,1912年@3年
第1次バルカン戦争,1912,1913,1912年@13年
第2次バルカン戦争,1906,1913,1913年@6年
万国平和会議,1899,1907,1899年@1907年
トルストイ,1828,1910,1828年@1910年
アナトール＝フランス,1844,1924,1844年@1924年
ロマン＝ロラン,1866,1944,1866年@1944年
ラッセル,1872,1970,1872年@1970年
ジャン＝ジョレス,1859,1914,1859年@1914年
ローザ＝ルクセンブルク,1870,1919,1870年@1919年
第2インターナショナル崩壊,1920,1920,1920年
ジョン＝ヘイ,1838,1905,1838年@1905年
戊戌の変法,1806,1898,1898年@6年
康有為,1858,1927,1858年@1927年
梁啓超,1873,1929,1873年@1929年
光緒帝,1871,1908,1871年@1908年
戊戌の政変,1898,1898,1898年
西太后,1835,1908,1835年@1908年
義和団事件,1900,1901,1900年@01年
日露戦争,1904,1905,1904年@05年
血の日曜日事件,1905,1905,1905年
第1次ロシア革命,1905,1905,1905年
奉天会戦,1905,1905,1905年
日本海海戦,1905,1905,1905年
セオドア＝ローズヴェルト,1858,1919,1858年@1919年
セオドア＝ルーズヴェルト,1858,1919,1858年@1919年
ポーツマス条約,1905,1905,1905年
日仏協約,1907,1907,1907年
大韓帝国,1897,1910,1897年@1910年
第1次日韓協約,1904,1904,1904年
第2次日韓協約,1905,1905,1905年
ハーグ密使事件,1907,1907,1907年
第3次日韓協約,1907,1907,1907年
伊藤博文,1841,1909,1841年@1909年
安重根,1879,1910,1879年@1910年
孫文,1866,1925,1866年@1925年
章炳麟,1869,1936,1869年@1936年
鉄道国有令,1911,1911,1911年
辛亥革命,1911,1912,1911年@12年
第一革命,1911,1912,1911年@12年
中華民国建国,1912,1912,1912年
袁世凱,1859,1916,1859年@1916年
宣統帝,1906,1967,1906年@67年
溥儀,1906,1967,1906年@67年
臨時約法,1912,1912,1912年
宋教仁,1882,1913,1882年@1913年
第二革命,1913,1913,1913年
第三革命,1915,1915,1915年
軍閥,1916,1928,1916年@28年
シャー＝ワリーウッラー,1703,1762,1703年@62年
ラーム＝モーハン＝ローイ,1772,1833,1772年@74年@1833年
ナオロジー,1825,1917,1825年@1917年
バネルジー,1848,1925,1848年@1925年
ティラク,1856,1920,1856年@1920年
ベンガル分割令,1905,1905,1905年
カーゾン法,1905,1905,1905年
カーゾン,1859,1925,1859年@1925年
ホセ＝リサール,1861,1896,1861年@96年
アギナルド,1869,1964,1869年@1964年
フィリピン革命,1896,1902,1896年@1902年
フィリピン共和国発足,1899,1899,1899年
マロロス共和国,1899,1899,1899年
フィリピン＝アメリカ戦争,1899,1902,1899年@1902年
ラーマ5世,1853,1910,1853年@1910年
ファン＝ボイ＝チャウ,1867,1940,1867年@1940年
ファン＝チュー＝チン,1872,1926,1872年@1926年
日仏協約,1907,1907,1907年
アフガーニー,1838,1897,1838年@39年@97年
ムハンマド＝アブドゥフ,1849,1905,1849年@1905年
アブデュル＝ハミト2世,1842,1918,1842年@1918年
青年トルコ革命,1908,1908,1908年
カージャール朝,1796,1925,1796年@1925年
タバコ＝ポイコット運動,1891,1891,1891年
イラン立憲革命,1905,1911,1905年@11年
第一次世界大戦,1914,1918,1914年@18年
サライェヴォ事件,1914,1914,1914年
フランツ＝フェルディナント,1864,1914,1864年@1914年
オーストリアの対セルビア宣戦,1914,1914,1914年
日本の参戦,1914,1914,1914年
石井・ランシング協定,1917,1917,1917年
タンネンベルクの戦い,1914,1914,1914年
ヒンデンブルク,1847,1934,1847年@1934年
マルヌの戦い,1914,1914,1914年
ロンドン秘密条約,1915,1915,1915年
三国同盟離脱,1915,1915,1915年
イタリア三国同盟離脱,1915,1915,1915年
イタリア参戦,1915,1915,1915年
フセイン・マクマホン協定,1915,1915,1915年
フサイン・マクマホン協定,1915,1915,1915年
フセイン・マクマホン書簡,1915,1915,1915年
サイクス・ピコ協定,1916,1916,1916年
インド自治の約束,1917,1917,1917年
バルフォア宣言,1917,1917,1917年
ソンムの戦い,1906,1916,1916年@6年
イープルの戦い,1904,1917,1914年@10年@15年@4年@17年
無制限潜水艦作戦,1917,1917,1917年
アメリカ合衆国の参戦,1917,1917,1917年
キール軍港の水兵反乱,1918,1918,1918年
ドイツ共和国の成立,1918,1918,1918年
ドイツ休戦協定,1918,1918,1918年
ドイツ休戦協定条約,1918,1918,1918年
ロシア単独講和,1918,1918,1918年
ニコライ2世,1868,1918,1868年@1918年
臨時政府,1903,1917,1917年@3年
ケレンスキー,1881,1970,1881年@1970年
レーニン,1870,1924,1870年@1924年
四月テーゼ,1917,1917,1917年
十一月革命,1917,1917,1917年
ロシア暦十月革命,1917,1917,1917年
平和に関する布告,1917,1917,1917年
土地に関する布告,1917,1917,1917年
トロツキー,1879,1940,1879年@1940年
対ソ干渉戦争,1918,1922,1918年@22年末
シベリア出兵,1918,1918,1918年
ソヴィエト＝ポーランド戦争,1920,1921,1920年@21年
英ソ通商協定,1921,1921,1921年
イギリスのソ連承認,1924,1924,1924年
イタリアのソ連承認,1924,1924,1924年
フランスのソ連承認,1924,1924,1924年
日本のソ連承認,1925,1925,1925年
ウィルソン,1856,1924,1856年@1924年
ロイド＝ジョージ,1863,1945,1863年@1945年
クレマンソー,1841,1929,1841年@1929年
サン＝ジェルマン条約,1919,1919,1919年
ヌイイ条約,1919,1919,1919年
トリアノン条約,1920,1920,1920年
セーヴル条約,1920,1920,1920年
ワシントン会議,1921,1922,1921年@22年
日英同盟解消,1921,1921,1921年
ジュネーヴ軍縮会議,1927,1927,1927年
ケロッグ,1856,1937,1856年@1937年
ブリアン,1862,1932,1862年@1932年
ロンドン軍縮会議,1930,1930,1930年
ロイド＝ジョージ挙国一致内閣,1916,1922,1916年@22年
第4回選挙法改正,1918,1918,1918年
女性参政権,1918,1918,1918年
イギリス女性参政権,1918,1918,1918年
デ＝ヴァレラ,1882,1975,1882年@1975年
マクドナルド,1866,1937,1866年@1937年
第1次マクドナルド内閣,1924,1924,1924年
第5回選挙法改正,1928,1928,1928年
ルール占領,1923,1925,1923年@25年
ルール出兵,1923,1925,1923年@25年
ブリアン,1862,1932,1862年@1932年
ローザ＝ルクセンブルク,1870,1919,1870年@1919年
カール＝リーブクネヒト,1871,1919,1871年@1919年
ヴァイマル共和国,1919,1933,1919年@33年
ワイマール共和国,1919,1933,1919年@33年
エーベルト,1871,1925,1871年@1925年
ルール占領,1923,1925,1923年@25年
シュトレーゼマン,1878,1929,1878年@1929年
ドイツの国際連盟加入,1926,1926,1926年
ヒンデンブルク,1847,1934,1847年@1934年
ローザンヌ会議,1932,1932,1932年
ハンガリー革命,1918,1919,1918年@19年
ホルティ,1868,1959,1868年@1959年
マサリク,1850,1937,1850年@1937年
ベネシュ,1884,1948,1884年@1948年
ピウスツキ,1867,1935,1867年@1935年
ムッソリーニ,1883,1945,1883年@1945年
ローマ進軍,1922,1922,1922年
ラテラン条約,1929,1929,1929年
ラテラノ条約,1929,1929,1929年
レーニンの死,1924,1924,1924年
トロツキー,1879,1940,1879年@1940年
スターリン,1879,1953,1879年@1953年
ブハーリン,1888,1938,1888年@1938年
第1次五カ年計画,1928,1932,1928年@32年
アメリカのソ連承認,1933,1933,1933年
ソ連,1934,1934,1934年
国際連盟加入,1934,1934,1934年
第3次五カ年計画,1938,1942,1938年@42年
ハーディング,1865,1923,1865年@1923年
クーリッジ,1872,1933,1872年@1933年
フーヴァー,1874,1964,1874年@1964年
フォード,1863,1947,1863年@1947年
二十一カ条要求,1915,1915,1915年
陳独秀,1879,1942,1879年@1942年
胡適,1891,1962,1891年@1962年
李大釗,1889,1927,1889年@1927年
魯迅,1881,1936,1881年@1936年
ダライ＝ラマ13世,1876,1933,1876年@1933年
チョイパルサン,1895,1952,1895年@1952年
三・一運動,1903,1919,1919年@3年
万歳事件,1903,1919,1919年@3年
米騒動,1918,1918,1918年
シベリア出兵,1918,1922,1918年@22年
田中内閣,1927,1929,1927年@29年
田中義一内閣,1927,1929,1927年@29年
張作霖爆殺事件,1928,1928,1928年
山東出兵,1927,1928,1927年@28年
済南事件,1928,1928,1928年
段祺瑞,1865,1936,1865年@1936年
国共合作,1924,1927,1924年@27年
第1次国共合作,1924,1927,1924年@27年
蔣介石,1887,1975,1887年@1975年
北伐,1926,1928,1926年@28年
馮国璋,1859,1919,1859年@1919年
呉佩孚,1874,1939,1874年@1939年
張作霖,1875,1928,1875年@1928年
張作霖爆殺事件,1928,1928,1928年
奉天事件,1928,1928,1928年
張学良,1901,2001,1901年@2001年
戦後自治の約束,1917,1917,1917年
ローラット法,1919,1919,1919年
アムリットサール事件,1919,1919,1919年
ガンディー,1869,1948,1869年@1948年
タゴール,1861,1941,1861年@1941年
アンベードカル,1893,1957,1893年@1957年
ネルー,1889,1964,1889年@1964年
ネール,1889,1964,1889年@1964年
新インド統治法,1935,1935,1935年
改正インド統治法,1935,1935,1935年
ジンナー,1876,1948,1876年@1948年
サヤ＝サン,1876,1931,1876年@1931年
ビルマ統治法,1937,1937,1937年
アウン＝サン,1915,1947,1915年@47年
ピブン,1897,1964,1897年@1964年
カルティニ,1879,1904,1879年@1904年
スカルノ,1901,1970,1901年@70年
ホー＝チ＝ミン,1890,1969,1890年@1969年
トルコ革命,1919,1923,1919年@23年
侵入ギリシア軍との戦い,1919,1922,1919年@22年
セーヴル条約,1920,1920,1920年
ムスタファ＝ケマル,1881,1938,1881年@1938年
ケマル＝パシャ,1881,1938,1881年@1938年
スルタン制廃止,1922,1922,1922年
ローザンヌ条約,1923,1923,1923年
カリフ制廃止,1924,1924,1924年
文字改革,1928,1928,1928年
ローマ字採用,1928,1928,1928年
エジプト王国,1922,1953,1922年@53年
エジプト＝イギリス同盟条約,1936,1936,1936年
フセイン・マクマホン協定,1915,1915,1915年
フサイン・マクマホン協定,1915,1915,1915年
フセイン・マクマホン書簡,1915,1915,1915年
バルフォア宣言,1917,1917,1917年
フセイン,1856,1931,1856年@1931年
フサイン,1856,1931,1856年@1931年
イブン＝サウード,1880,1953,1880年@1953年
アブド＝アルアジーズ,1880,1953,1880年@1953年
カージャール朝,1796,1925,1796年@1925年
レザー＝ハーン,1877,1944,1877年@1944年
レザー＝シャー,1877,1944,1877年@1944年
パフレヴィー朝,1925,1979,1925年@79年
イランと改称,1935,1935,1935年
第3次アフガン戦争,1919,1919,1919年
アフガニスタン独立,1919,1919,1919年
デュポイス,1868,1963,1868年@1963年
フーヴァー,1874,1964,1874年@1964年
フランクリン＝ローズヴェルト,1882,1945,1882年@1945年
フランクリン＝ルーズヴェルト,1882,1945,1882年@1945年
ニューディール,1933,1935,1933年@35年
ケインズ,1883,1946,1883年@1946年
ワグナー法,1935,1935,1935年
社会保障法,1935,1935,1935年
ソ連の承認,1933,1933,1933年
アメリカソ連の承認,1933,1933,1933年
キューバ独立の承認,1934,1934,1934年
カルデナス,1895,1970,1895年@1970年
ヴァルガス,1883,1954,1883年@1954年
第2次マクドナルド内閣,1929,1931,1929年@31年
失業保険の削減,1931,1931,1931年
マクドナルド挙国一致内閣,1931,1935,1931年@35年
金本位制停止,1931,1931,1931年
オタワ連邦会議,1932,1932,1932年
イギリス連邦経済会議,1932,1932,1932年
満州事変,1931,1933,1931年@33年
上海事変,1901,1932,1932年@1年
満州国,1932,1945,1932年@45年
溥儀,1906,1967,1906年@67年
五・ー五事件,1932,1932,1932年
国際連盟脱退,1933,1933,1933年
日本国際連盟脱退,1933,1933,1933年
海軍軍縮条約破棄,1934,1934,1934年
毛沢東,1893,1976,1893年@1976年
長征,1934,1936,1934年@36年
大西遷,1934,1936,1934年@36年
遵義会議,1935,1935,1935年
八・一宣言,1935,1935,1935年
張学良,1901,2001,1901年@2001年
西安事件,1936,1936,1936年
国共合作,1937,1937,1937年
第2次国共合作,1937,1937,1937年
盧溝橋事件,1937,1937,1937年
日中戦争,1937,1945,1937年@45年
南京虐殺事件,1937,1937,1937年
ノモンハン事件,1905,1939,1939年@5年
広州占領,1938,1938,1938年
武漢占領,1938,1938,1938年
重慶政府,1938,1946,1938年@46年
汪兆銘,1883,1944,1883年@1944年
汪精衛,1883,1944,1883年@1944年
ヒトラー,1889,1945,1889年@1945年
ミュンヘン一揆,1923,1923,1923年
ローザンヌ会議,1932,1932,1932年
ヒンデンブルク,1847,1934,1847年@1934年
全権委任法,1933,1933,1933年
第三帝国,1933,1945,1933年@45年
国際連盟脱退,1933,1933,1933年
ドイツ国際連盟脱退,1933,1933,1933年
ザール編入,1935,1935,1935年
再軍備宣言,1935,1935,1935年
ドイツ再軍備宣言,1935,1935,1935年
仏ソ相互援助条約,1935,1935,1935年
ソ連＝チェコ相互援助条約,1935,1935,1935年
フランス＝チェコ相互援助条約,1935,1935,1935年
英独海軍協定,1935,1935,1935年
ロカルノ条約破棄,1936,1936,1936年
ラインラント進駐,1936,1936,1936年
アインシュタイン,1879,1955,1879年@1955年
トーマス＝マン,1875,1955,1875年@1955年
エチオピア侵入,1935,1936,1935年@36年
国際連盟脱退,1937,1937,1937年
イタリア国際連盟脱退,1937,1937,1937年
アムステルダム反戦会議,1932,1932,1932年
コミンテルン第7回大会,1907,1935,1935年@7年
人民戦線内閣,1936,1937,1936年@37年
フランス人民戦線内閣,1936,1937,1936年@37年
ブルム,1872,1950,1872年@1950年
スペイン革命,1931,1931,1931年
人民戦線内閣,1936,1939,1936年@39年
アサーニャ,1880,1940,1880年@1940年
スペイン内戦,1936,1939,1936年@39年
フランコ,1892,1975,1892年@1975年
ヘミングウェー,1899,1961,1899年@1961年
マルロー,1901,1976,1901年@76年
オーウェル,1903,1950,1903年@50年
サラザール,1889,1970,1889年@1970年
ミュンヘン会談,1938,1938,1938年
ネヴィル＝チェンバレン,1869,1940,1869年@1940年
ダラディエ,1884,1970,1884年@1970年
チェコスロヴァキア解体,1939,1939,1939年
スロヴァキア保護国化,1939,1939,1939年
アルバニア併合,1939,1939,1939年
第二次世界大戦,1939,1945,1939年@45年
独ソ不可侵条約,1939,1939,1939年
第二次世界大戦の開始,1939,1939,1939年
ポーランド侵攻,1939,1939,1939年
ソ連ポーランド侵攻,1939,1939,1939年
ソ連＝フィンランド戦争,1939,1940,1939年@40年
国際連盟,1939,1939,1939年
ソ連を除名,1939,1939,1939年
デンマーク・ノルウェー侵入,1940,1940,1940年
ドイツデンマーク・ノルウェー侵入,1940,1940,1940年
オランダ・ベルギー侵入,1940,1940,1940年
ドイツオランダ・ベルギー侵入,1940,1940,1940年
チャーチル,1874,1965,1874年@1965年
イタリア参戦,1940,1940,1940年
パリ占領,1940,1940,1940年
フランス降伏,1940,1940,1940年
ペタン,1856,1951,1856年@1951年
ヴィシー政府,1940,1944,1940年@44年
ド＝ゴール,1890,1970,1890年@1970年
ティトー,1892,1980,1892年@1980年
大西洋上会談,1941,1941,1941年
米英首脳会談,1941,1941,1941年
太平洋戦争,1941,1945,1941年@45年
日独伊三国同盟,1940,1940,1940年
日独伊三国軍事同盟,1940,1940,1940年
日米交渉,1941,1941,1941年
真珠湾奇襲,1941,1941,1941年
ドイツ・イタリア,1941,1941,1941年
対米宣戦,1941,1941,1941年
マレー占領,1941,1941,1941年
シンガポール占領,1942,1942,1942年
ジャワ・スマトラ占領,1942,1942,1942年
フィリピン占領,1942,1942,1942年
ビルマ占領,1942,1942,1942年
ミャンマー占領,1942,1942,1942年
金日成,1912,1994,1912年@94年
チャンドラ＝ポース,1897,1945,1897年@1945年
ベトナム独立同盟,1941,1941,1941年
ベトミン,1941,1941,1941年
ホー＝チ＝ミン,1890,1969,1890年@1969年
ミッドウェー海戦,1942,1942,1942年
スターリングラードの戦い,1942,1943,1942年@43年
北アフリカ上陸,1942,1942,1942年
連合軍北アフリカ上陸,1942,1942,1942年
コミンテルン解散,1943,1943,1943年
シチリア島上陸,1943,1943,1943年
連合軍シチリア島上陸,1943,1943,1943年
イタリア新政府無条件降伏,1943,1943,1943年
ファシスト党解散,1943,1943,1943年
カイロ会談,1943,1943,1943年
テヘラン会談,1911,1943,1943年@11年
アイゼンハウアー,1890,1969,1890年@1969年
パリ解放,1944,1944,1944年
サイパン島陥落,1944,1944,1944年
アメリカ軍,1945,1945,1945年
フィリピン奪回,1945,1945,1945年
ヤルタ会談,1945,1945,1945年
ヤルタ協定,1945,1945,1945年
アメリカ軍,1945,1945,1945年
硫黄島占領,1945,1945,1945年
アメリカ軍,1945,1945,1945年
沖縄本島上陸,1945,1945,1945年
ベルリン陥落,1945,1945,1945年
ドイツ無条件降伏,1945,1945,1945年
ポツダム会談,1907,1945,1945年@7年
トルーマン,1884,1972,1884年@1972年
広島に原爆投下,1945,1945,1945年
アメリカ広島に原爆投下,1945,1945,1945年
ソ連,1945,1945,1945年
対日宣戦,1945,1945,1945年
長崎に原爆投下,1945,1945,1945年
アメリカ長崎に原爆投下,1945,1945,1945年
日本降伏,1945,1945,1945年
ダンバートン＝オークス会議,1908,1944,1944年@8年
サンフランシスコ会議,1904,1945,1945年@4年
ブレトン＝ウッズ会講,1944,1944,1944年
ニュルンベルク裁判,1945,1946,1945年@46年
東京裁判,1946,1948,1946年@48年
極東国際軍事裁判,1946,1948,1946年@48年
マッカーサー,1880,1964,1880年@1964年
吉田内閣,1946,1954,1946年@47年@48年@54年
アトリー内閣,1945,1951,1945年@51年
重要産業国有化,1946,1949,1946年@49年
チャーチル,1874,1965,1874年@1965年
イーデン,1897,1977,1897年@1977年
スエズ出兵,1956,1956,1956年
エール,1949,1949,1949年
イギリス連邦離脱,1949,1949,1949年
第四共和政,1946,1958,1946年@58年
ティトー,1892,1980,1892年@1980年
コミンフォルム,1948,1948,1948年
ユーゴスラヴィアを除名,1948,1948,1948年
マーシャル,1880,1959,1880年@1959年
マーシャル＝プラン,1947,1947,1947年
ヨーロッパ経済復興援助計画,1947,1947,1947年
ヨーロッパ経済協力機構,1948,1948,1948年
OEEC,1948,1948,1948年
チェコスロヴァキア＝クーデタ,1948,1948,1948年
西ヨーロッパ連合条約,1948,1948,1948年
プリュッセル条約,1948,1948,1948年
西側管理地区通貨改革,1948,1948,1948年
ベルリン封鎖,1948,1948,1948年
ソ連・西ドイツ国交回復,1955,1955,1955年
不平等条約撤廃,1943,1943,1943年
国共停戦協定,1946,1946,1946年
政治協商会議,1946,1946,1946年
毛沢東,1893,1976,1893年@1976年
周恩来,1898,1976,1898年@1976年
蔣介石,1887,1975,1887年@1975年
土地改革,1950,1950,1950年
土地改革法,1950,1950,1950年
朝鮮戦争,1950,1953,1950年@53年
第1次五カ年計画,1953,5719,1953年@5719年
中国第1次五カ年計画,1953,5719,1953年@5719年
金日成,1912,1994,1912年@94年
李承晩,1875,1965,1875年@1965年
フィリピン独立,1946,1946,1946年
フィリピン共和国独立,1946,1946,1946年
スカルノ,1901,1970,1901年@70年
ハーグ協定,1949,1949,1949年
インドネシア,1965,1965,1965年
国連脱退,1965,1965,1965年
ホー＝チ＝ミン,1890,1969,1890年@1969年
インドシナ戦争,1946,1954,1946年@54年
バオダイ,1914,1997,1914年@97年
ジュネーヴ会議,1904,1954,1954年@4年
ゴ＝ディン＝ジエム,1901,1963,1901年@63年
シハヌーク,1922,2012,1922年@2012年
シアヌーク,1922,2012,1922年@2012年
ビルマ独立,1948,1948,1948年
ネ＝ウィン,1911,2002,1911年@2002年
シンガポール,1965,1965,1965年
分離・独立,1965,1965,1965年
インド独立法,1947,1947,1947年
インド独立,1947,1947,1947年
インド共和国,1950,1950,1950年
ジンナー,1876,1948,1876年@1948年
パキスタン共和国独立,1947,1947,1947年
スリランカ独立,1948,1948,1948年
セイロン独立,1948,1948,1948年
パレスチナ戦争,1948,1949,1948年@49年
第1次中東戦争,1948,1949,1948年@49年
朝鮮戦争,1950,1953,1950年@53年
マッカーサー,1880,1964,1880年@1964年
中華人民共和国の人民義勇軍派遣,1950,1950,1950年
サンフランシスコ講和会議,1951,1951,1951年
日米安全保障条約,1951,1951,1951年
日ソ国交回復,1956,1956,1956年
日本の国連加盟,1956,1956,1956年
米比相互防衛条約,1951,1951,1951年
米韓相互防衛条約,1953,1953,1953年
米華相互防衛条約,1954,1954,1954年
太平洋安全保障条約,1951,1951,1951年
ANZUS,1951,1951,1951年
トルコ＝イラク相互防衛条約,1955,1955,1955年
第4次五カ年計画,1946,1950,1946年@50年
スターリンの死,1953,1953,1953年
フルシチョフ,1894,1971,1894年@1971年
コミンフォルム解散,1956,1956,1956年
ポーランド反政府反ソ暴動,1956,1956,1956年
ポズナニ暴動,1956,1956,1956年
ゴムウカ,1905,1982,1905年@82年
ゴムルカ,1905,1982,1905年@82年
ハンガリー反ソ暴動,1956,1956,1956年
ハンガリー事件,1956,1956,1956年
ナジ＝イムレ,1895,1958,1895年@1958年
フルシチョフ訪米,1959,1959,1959年
トルーマン,1884,1972,1884年@1972年
アイゼンハウアー,1890,1969,1890年@1969年
クーデンホフ＝カレルギー,1894,1972,1894年@1972年
シューマン,1886,1963,1886年@1963年
ド＝ゴール,1890,1970,1890年@1970年
フランスの中国承認,1964,1964,1964年
フランス,1966,1966,1966年
NATO軍事機構脱退,1966,1966,1966年
五月危機,1905,1968,1968年@5年
五月革命,1905,1968,1968年@5年
ド＝ゴール退陣,1969,1969,1969年
ウィルソン内閣,1964,1970,1964年@70年
第1次ウィルソン内閣,1964,1970,1964年@70年
スエズ以東より撤兵,1968,1968,1968年
大連合政府,1966,1969,1966年@69年
コロンボ会議,1954,1954,1954年
ネルー・周恩来会談,1954,1954,1954年
アジア＝アフリカ会議,1955,1955,1955年
バンドン会議,1955,1955,1955年
ティトー,1892,1980,1892年@1980年
エジプト革命,1952,1952,1952年
ナギブ,1901,1984,1901年@84年
ナセル,1918,1970,1918年@70年
スエズ運河国有化,1956,1956,1956年
スエズ戦争,1956,1957,1956年@57年
第2次中東戦争,1956,1957,1956年@57年
イラク革命,1958,1958,1958年
カセム,1914,1963,1914年@63年
スーダン独立,1956,1956,1956年
モロッコ独立,1956,1956,1956年
チュニジア独立,1956,1956,1956年
アルジェリア戦争,1954,1962,1954年@62年
エヴィアン協定,1962,1962,1962年
アルジェリア独立,1962,1962,1962年
ガーナ独立,1957,1957,1957年
エンクルマ,1909,1972,1909年@72年
ギニア独立,1958,1958,1958年
セク＝トゥーレ,1922,1984,1922年@84年
コンゴ独立,1960,1960,1960年
コンゴ動乱,1960,1965,1960年@65年
ルムンバ,1925,1961,1925年@61年
ナイジェリア内戦,1967,1970,1967年@70年
ビアフラ戦争,1967,1970,1967年@70年
グアテマラ左翼政権,1950,1954,1950年@54年
ペロン,1895,1974,1895年@1974年
バティスタ政権,1940,1958,1940年@44年@52年@58年
キューバ革命,1959,1959,1959年
カストロ,1926,1926,1926年
ゲバラ,1928,1967,1928年@67年
キューバ危機,1962,1962,1962年
ボリビア革命,1952,1952,1952年
ヴァルガス,1883,1954,1883年@1954年
劉少奇,1898,1969,1898年@1969年
チベット反乱,1959,1959,1959年
ダライ＝ラマ14世,1935,1935,1935年
中印国境紛争,1959,1962,1959年@62年
中ソ技術協定破棄,1959,1959,1959年
林彪,1908,1971,1908年@71年
江青,1913,1991,1913年頃@91年
鄧小平,1904,1997,1904年@97年
ゴ＝ディン＝ジエム,1901,1963,1901年@63年
トンキン湾事件,1964,1964,1964年
北ベトナム爆撃,1965,1965,1965年
北爆,1965,1965,1965年
ベトナム戦争,1965,1973,1965年@73年
パリ和平会談,1968,1973,1968年@73年
アメリカ軍のベトナム撤退,1973,1973,1973年
サイゴン攻略,1975,1975,1975年
民主カンプチア,1976,1979,1976年@79年
民主カンボジア,1976,1979,1976年@79年
張勉内閣,1960,1961,1960年@61年
韓国軍部クーデタ,1961,1961,1961年
朴正熙,1917,1979,1917年@79年
マルコス,1917,1989,1917年@89年
リー＝クアンユー,1923,1923,1923年
マハティール,1925,1925,1925年
ネ＝ウィン,1911,2002,1911年@2002年
九・三〇事件,1965,1965,1965年
軍部クーデタ,1965,1965,1965年
スハルト,1921,2008,1921年@2008年
イラン石油国有化,1951,1951,1951年
モサデグ,1881,1967,1881年@1967年
パフレヴィー2世,1919,1980,1919年@80年
ケネディ,1917,1963,1917年@63年
部分的核実験停止条約,1963,1963,1963年
ケネディ暗殺,1963,1963,1963年
ジョンソン,1908,1973,1908年@73年
キング牧師,1929,1968,1929年@68年
ベトナム介入,1965,1965,1965年
ニクソン,1913,1994,1913年@94年
キッシンジャー,1923,1923,1923年
ベトナム撤退,1973,1973,1973年
ニクソン辞任,1974,1974,1974年
フルシチョフ解任,1964,1964,1964年
フルシチョフ失脚,1964,1964,1964年
ブレジネフ,1906,1982,1906年@82年
コスイギン,1904,1980,1904年@80年
ドプチェク,1921,1992,1921年@92年
ソ連のチェコスロヴァキア軍事介入,1968,1968,1968年
サハロフ,1921,1989,1921年@89年
ポーランド反政府運動,1970,1970,1970年
第4次中東戦争,1973,1973,1973年
石油危機,1973,1973,1973年
第1次オイル＝ショック,1973,1973,1973年
第五福竜丸事件,1954,1954,1954年
ラッセル・アインシュタイン宣言,1955,1955,1955年
パートランド＝ラッセル,1872,1970,1872年@1970年
原水爆禁止世界大会,1955,1955,1955年
バグウォッシュ会議,1957,1957,1957年
部分的核実験停止条約,1963,1963,1963年
核戦争防止協定,1973,1973,1973年
包括的核実験禁止条約,1996,1996,1996年
CTBT,1996,1996,1996年
ブラント,1913,1992,1913年@92年
ソ連＝西ドイツ武力不行使条約,1970,1970,1970年
モスクワ条約,1970,1970,1970年
西ドイツ＝ポーランド国交正常化,1970,1970,1970年
東西ドイツ,1973,1973,1973年
国連同時加盟,1973,1973,1973年
シュミット,1918,1918,1918年
全欧安保協力会議,1975,1975,1975年
ポルトガル民主化,1974,1974,1974年
フランコ死亡,1975,1975,1975年
ファン＝カルロス1世,1938,1938,1938年
中国の国連代表権交替,1971,1971,1971年
ニクソン訪中,1972,1972,1972年
田中内閣,1972,1974,1972年@74年
日中共同声明,1972,1972,1972年
日中平和友好条約,1978,1978,1978年
サッチャー,1925,2013,1925年@2013年
フォークランド戦争,1904,1982,1982年@4年
メージャー,1943,1943,1943年
ブレア,1953,1953,1953年
ジスカールデスタン,1926,1926,1926年
ミッテラン,1916,1996,1916年@96年
シラク,1932,1932,1932年
コール,1930,1930,1930年
シュレーダー,1944,1944,1944年
カーター,1924,1924,1924年
米中国交正常化,1979,1979,1979年
レーガン,1911,2004,1911年@2004年
プラザ合意,1985,1985,1985年
ブッシュ,1924,1924,1924年
湾岸戦争,1901,1991,1991年@1年
クリントン,1946,1946,1946年
ブッシュ,1946,1946,1946年
同時多発テロ,2001,2001,2001年
九・一一事件,2001,2001,2001年
ソ連,1979,1979,1979年
アフガニスタンに軍事介入,1979,1979,1979年
アンドロポフ,1914,1984,1914年@84年
チェルネンコ,1911,1985,1911年@85年
ゴルバチョフ,1931,1931,1931年
チェルノブイリ原子力発電所事故,1986,1986,1986年
新ベオグラード宣言,1988,1988,1988年
保守派クーデタ,1991,1991,1991年
反ゴルバチョフ＝クーデタ,1991,1991,1991年
ソ連共産党解散,1991,1991,1991年
バルト3国独立回復,1991,1991,1991年
ソ連消滅,1991,1991,1991年
エリツィン,1931,2007,1931年@2007年
プーチン,1952,1952,1952年
ワレサ,1943,1943,1943年
ヤルゼルスキ,1923,1923,1923年
ホネカー退陣,1989,1989,1989年
ベルリンの壁開放,1989,1989,1989年
ハヴェル,1936,2011,1936年@2011年
周恩来死去,1976,1976,1976年
毛沢東死去,1976,1976,1976年
華国鋒,1921,2008,1921年@2008年
四人組逮捕,1976,1976,1976年
鄧小平,1904,1997,1904年@97年
人民公社解体,1985,1985,1985年
米中国交正常化,1979,1979,1979年
胡耀邦,1913,1989,1913年@89年
趙紫陽,1919,2005,1919年@2005年
天安門事件,1989,1989,1989年
第2次天安門事件,1989,1989,1989年
江沢民,1926,1989,1926年@1989年
朱鎔基,1928,1928,1928年
香港返還,1997,1997,1997年
マカオ返還,1999,1999,1999年
胡錦濤,1942,1942,1942年
温家宝,1942,1942,1942年
ベトナム軍のカンポジア侵攻,1978,1978,1978年
カンポジア人民共和国,1979,1979,1979年
中越戦争,1979,1979,1979年
中国＝ベトナム戦争,1979,1979,1979年
ベトナム軍のカンボジア撤退,1989,1989,1989年
金正日,1942,2011,1942年@2011年
エチオピア革命,1974,1974,1974年
ハイレ＝セラシエ,1892,1975,1892年@1975年
東南アジア友好協力条約,1976,1976,1976年
ホーク,1929,1929,1929年
第3次中東戦争,1967,1967,1967年
6日間戦争,1967,1967,1967年
サダト,1918,1981,1918年@81年
第4次中東戦争,1973,1973,1973年
エジプト＝イスラエル平和条約,1979,1979,1979年
キャンプ＝デーヴィッド合意,1978,1978,1978年
サダト暗殺,1981,1981,1981年
ムバラク,1928,1928,1928年
シナイ半島返還,1982,1982,1982年
レバノン侵攻,1982,1982,1982年
イスラエルレバノン侵攻,1982,1982,1982年
ラビン,1922,1995,1922年@95年
アラファト,1929,2004,1929年@2004年
パレスチナ国家樹立宣言,1988,1988,1988年
中東和平会議,1991,1991,1991年
パレスチナ暫定自治協定,1993,1993,1993年
オスロ合意,1993,1993,1993年
ラビン首相暗殺,1995,1995,1995年
シャロン,1928,1928,1928年
イラン革命,1979,1979,1979年
ホメイニ,1902,1989,1902年@89年
サダム＝フセイン,1937,2006,1937年@2006年
フセイン大統領,1937,2006,1937年@2006年
イラン＝イラク戦争,1980,1988,1980年@1988年
イラク,1990,1990,1990年
クウェート侵攻,1990,1990,1990年
ビン＝ラーディン,1957,2011,1957年@58年@2011年
朴大統領暗殺,1979,1979,1979年
光州事件,1980,1980,1980年
全斗煥,1931,1931,1931年
盧泰愚,1932,1932,1932年
韓ソ国交樹立,1990,1990,1990年
南北朝鮮,1991,1991,1991年
国連同時加盟,1991,1991,1991年
中韓国交樹立,1992,1992,1992年
金泳三,1927,1927,1927年
金大中,1925,2009,1925年@2009年
盧武鉉,1946,2009,1946年@2009年
李登輝,1923,1923,1923年
陳水扁,1951,1951,1951年
ハビビ,1936,1936,1936年
メガワティ,1947,1947,1947年
ベニグノ＝アキノ暗殺,1983,1983,1983年
コラソン＝アキノ,1933,2009,1933年@2009年
ラモス,1928,1928,1928年
エストラーダ,1937,1937,1937年
アロヨ,1947,1947,1947年
スー＝チー,1945,1945,1945年
インディラ＝ガンディー,1917,1984,1917年@84年
インドの核保有,1974,1974,1974年
インディラ＝ガンディー暗殺,1984,1984,1984年
ラジブ＝ガンディー,1944,1991,1944年@91年
アジェンデ,1908,1973,1908年@73年
チリ軍部クーデタ,1973,1973,1973年
ピノチェト,1915,2006,1915年@2006年
チリ民政移管,1990,1990,1990年
フォークランド戦争,1904,1982,1982年@4年
ニカラグア革命,1979,1979,1979年
ギニア＝ビサウ独立,1973,1973,1973年
モザンビーク独立,1975,1975,1975年
アンゴラ独立,1975,1975,1975年
ジンバブエ独立,1980,1980,1980年
ナミビア独立,1990,1990,1990年
エリトリア独立,1993,1993,1993年
デクラーク,1936,1936,1936年
アパルトヘイト,1991,1991,1991年
法的撤廃,1991,1991,1991年
マンデラ,1918,1918,1918年
チェコ・スロヴァキア,1993,1993,1993年
両共和国に分離,1993,1993,1993年
クロアティア・スロヴェニア両共和国,1991,1991,1991年
独立宣言,1991,1991,1991年
マケドニア独立宣言,1991,1991,1991年
ボスニア・ヘルツェゴヴィナ独立宣言,1992,1992,1992年
新ユーゴスラヴィア連邦成立,1992,1992,1992年
ミロシェヴィッチ,1941,2006,1941年@2006年
ルワンダ内戦,1990,1994,1990年@94年
南太平洋非核地帯条約,1985,1985,1985年
ラロトンガ条約,1985,1985,1985年
レイチェル＝カーソン,1907,1964,1907年@64年
国連人間環境会議,1972,1972,1972年
地球サミット,1992,1992,1992年
国連環境開発会議,1992,1992,1992年
京都会議,1997,1997,1997年
地球温暖化防止会議,1997,1997,1997年
アインシュタイン,1879,1955,1879年@1955年
ハイゼンベルク,1901,1976,1901年@76年
スリーマイル島原子力発電所事故,1979,1979,1979年
チェルノブイリ原子力発電所事故,1986,1986,1986年
フォード,1863,1947,1863年@1947年
ライト兄弟,1867,1948,1867年@1912年@1871年@1948年
リンドバーグ,1902,1974,1902年@74年
ベルクソン,1859,1941,1859年@1941年
シュペングラー,1880,1936,1880年@1936年
サルトル,1905,1980,1905年@80年
デューイ,1859,1952,1859年@1952年
フロイト,1856,1939,1856年@1939年
レーニン,1870,1924,1870年@1924年
マックス＝ヴェーバー,1864,1920,1864年@1920年
レヴィ＝ストロース,1908,2009,1908年@2009年
ロマン＝ロラン,1866,1944,1866年@1944年
プルースト,1871,1922,1871年@1922年
カミュ,1913,1960,1913年@60年
トーマス＝マン,1875,1955,1875年@1955年
ジョイス,1882,1941,1882年@1941年
ローレンス,1885,1930,1885年@1930年
ヘミングウェー,1899,1961,1899年@1961年
カフカ,1883,1924,1883年@1924年
タゴール,1861,1941,1861年@1941年
魯迅,1881,1936,1881年@1936年
マティス,1869,1954,1869年@1954年
ピカソ,1881,1973,1881年@1973年
ダリ,1904,1989,1904年@89年
シケイロス,1896,1974,1896年@1974年
シェーンベルク,1874,1951,1874年@1951年
バルトーク,1881,1945,1881年@1945年
ディズニー,1901,1966,1901年@66年
チャップリン,1889,1977,1889年@1977年
